title,video_url,views_compact,video_age
1920's.. what would you ACTUALLY look like?! | NikkieTutorials,https://www.youtube.com/watch?v=qFVaNwsaFl0,76K views,3 hours ago
Random Color Generator Makeup Challenge! | NikkieTutorials,https://www.youtube.com/watch?v=U6mZCPDZQ-Y,562K views,3 weeks ago
Finally Answering Questions I've Been Avoiding... | NikkieTutorials,https://www.youtube.com/watch?v=ysF1OH5tieM,796K views,1 month ago
TOP VIRAL Makeup Trends You NEED To Try In 2022! | NikkieTutorials,https://www.youtube.com/watch?v=KXSt1VN0QY8,755K views,1 month ago
My Final Video... | NikkieTutorials,https://www.youtube.com/watch?v=l8ato4vmbww,1.2M views,2 months ago
My FIANCE & I do a CRAZY challenge! | NikkieTutorials,https://www.youtube.com/watch?v=DHl2DEgotkI,638K views,2 months ago
Reacting to working with ADELE! Letâ€™s Talk! | NikkieTutorials,https://www.youtube.com/watch?v=mQJ32Sd9nNQ,901K views,3 months ago
POWER OF MAKEUP: Adele! | NikkieTutorials,https://www.youtube.com/watch?v=qY3L1bPNBAw,11M views,3 months ago
"Ariana Grande, don't hate me... R.E.M Beauty Review! | NikkieTutorials",https://www.youtube.com/watch?v=-qn_cTHvfOY,3.2M views,3 months ago
Doing LITTLE MIX Jade's Makeup! | NikkieTutorials,https://www.youtube.com/watch?v=cQRowTfB7us,2.1M views,4 months ago
Full Face Using Only EYESHADOWS! | NikkieTutorials,https://www.youtube.com/watch?v=knJlm38jY-E,1M views,4 months ago
Getting My Own WAX FIGURE At Madame Tussauds! | NikkieTutorials,https://www.youtube.com/watch?v=bUlMTcX2vPo,1.2M views,5 months ago
NikkieTutorials Gets Ready For The Met Gala | Vogue,https://www.youtube.com/watch?v=DDOL5gJ4tIM,1.2M views,5 months ago
Getting Glam With MEGAN THEE STALLION! | NikkieTutorials,https://www.youtube.com/watch?v=zTJn1x2oZWA,2.5M views,6 months ago
I AM LAUNCHING MY OWN BRAND - Nimya by NikkieTutorials!,https://www.youtube.com/watch?v=EVRIgx7Qv6c,1.4M views,6 months ago
Get Glam With IGGY AZALEA & Me! | NikkieTutorials,https://www.youtube.com/watch?v=E3eTANznVhw,814K views,6 months ago
Full Face Of VIRAL TikTok Makeup Trends Part 2! | NikkieTutorials,https://www.youtube.com/watch?v=04TNJ_WSvlA,1M views,7 months ago
I Dyed My Hair... | NikkieTutorials,https://www.youtube.com/watch?v=cc8KHNrM82I,1.1M views,7 months ago
Kylie Jenner.. we need to talk! | NikkieTutorials,https://www.youtube.com/watch?v=Xtth0XW6fqE,3.5M views,7 months ago
ROULETTE Makeup Challenge! OMG! | NikkieTutorials,https://www.youtube.com/watch?v=zXUJrsEANYI,813K views,7 months ago
Coming Out In High Schoolâ€¦ | NikkieTutorials,https://www.youtube.com/watch?v=M2LVitA1b8U,834K views,8 months ago
Doing MÃ…NESKIN's Makeup! Eurovision 2021 Winner | NikkieTutorials,https://www.youtube.com/watch?v=jwajqMdovyI,5.8M views,9 months ago
CRAZY Whatâ€™s In The Box Challenge | NikkieTutorials,https://www.youtube.com/watch?v=3_S6fG0bw5g,739K views,9 months ago
We have a lot to talk about... | NikkieTutorials,https://www.youtube.com/watch?v=vK9KHWqb-6Q,1.4M views,9 months ago
CRAZY DRAG TRANSFORMATION! ft. GottMik | NikkieTutorials,https://www.youtube.com/watch?v=aHv5ogPJ4dQ,1M views,10 months ago
Becoming A Princess For A Day! | NikkieTutorials,https://www.youtube.com/watch?v=AN1OSHxzIDA,848K views,11 months ago
Trying a $400 MASK?! Iâ€™m scaredâ€¦ | NikkieTutorials,https://www.youtube.com/watch?v=g72YKjy4vgI,2.2M views,11 months ago
Full Face Of VIRAL TikTok Makeup Trends! | NikkieTutorials,https://www.youtube.com/watch?v=A_5-fED2A0Y,3.1M views,11 months ago
Guess The GURU Challenge! OMG! | NikkieTutorials,https://www.youtube.com/watch?v=XvbWC79HbL0,1.5M views,1 year ago
Halsey Collab Canceled?... ABOUT-FACE Review! | NikkieTutorials,https://www.youtube.com/watch?v=JTepjBGLSok,1.6M views,1 year ago
James Charles.. it's time to talk! ðŸ˜¤ | NikkieTutorials,https://www.youtube.com/watch?v=PqnsazZyFv0,3.9M views,1 year ago
2020 was a NIGHTMARE + Predicting 2021 | NikkieTutorials,https://www.youtube.com/watch?v=AH27eCaiDjA,1.2M views,1 year ago
Finally Revealing My Secret | NikkieTutorials: Layers Of Me,https://www.youtube.com/watch?v=qlk7Fmh2GOI&pp=sAQB,,1 year ago
Losing My Little Brother | NikkieTutorials: Layers Of Me,https://www.youtube.com/watch?v=o2-CIHOyQJ0&pp=sAQB,,1 year ago
The Pressure To Perform | NikkieTutorials: Layers Of Me,https://www.youtube.com/watch?v=Z66e9pkfQlE&pp=sAQB,,1 year ago
Peeling Back The Past | NikkieTutorials: Layers Of Me,https://www.youtube.com/watch?v=Nx1Jp2U23PM&pp=sAQB,4.4M views,1 year ago
NikkieTutorials: Layers Of Me | Official Trailer,https://www.youtube.com/watch?v=LMYhnC1sVXY&pp=sAQB,13M views,1 year ago
My Facetune SECRETS Exposed! | NikkieTutorials,https://www.youtube.com/watch?v=CW2iRNYGf90,1.3M views,1 year ago
Kylie Will Hate Me For Thisâ€¦ KYLIE X GRINCH REVIEW | NikkieTutorials,https://www.youtube.com/watch?v=OsCYmnzE1y4,4.2M views,1 year ago
"AMONG US Picks My Makeup! ft. ""Nicki Minaj"" & ""Ariana Grande""?! | NikkieTutorials",https://www.youtube.com/watch?v=nWxCmcdOpCY,1.4M views,1 year ago
Addressing TEA With Lauren Conrad ft. JAMES CHARLES! | NikkieTutorials,https://www.youtube.com/watch?v=YkDiQ8Wgdy8,958K views,1 year ago
FEMINIZING Makeup Hacks - Transgender Tutorial | NikkieTutorials,https://www.youtube.com/watch?v=gUl-WHAL9qo,2.1M views,1 year ago
Full Face Of WORST Makeup Tips EVER! | NikkieTutorials,https://www.youtube.com/watch?v=mazvbLYCgbA,3.3M views,1 year ago
World's SCARIEST Halloween Look EVER! | NikkieTutorials,https://www.youtube.com/watch?v=Jf2nyYtmwOE,947K views,1 year ago
Get Glam With MADDIE ZIEGLER & Me! | NikkieTutorials,https://www.youtube.com/watch?v=Nxykh6ZT1oc,1.5M views,1 year ago
BLINDFOLDED Online Makeup Challenge With My Fiance! | NikkieTutorials,https://www.youtube.com/watch?v=Hm0Sy5AOmpg,1.5M views,1 year ago
ONE DIP Makeup Challenge! OMG! | NikkieTutorials,https://www.youtube.com/watch?v=CA18hTShwpk,3.6M views,1 year ago
What I Didn't Tell You About My Palette... | NikkieTutorials,https://www.youtube.com/watch?v=_m9fgOQe7hQ,1.3M views,1 year ago
Get Glam With SELENA GOMEZ & Me! | NikkieTutorials,https://www.youtube.com/watch?v=GUJqRkBEEY4,12M views,1 year ago
MY OWN PALETTE! NikkieTutorials x BEAUTY BAY  REVEAL!,https://www.youtube.com/watch?v=MZI1BxXbhss,2.2M views,1 year ago
SCAMMERS Used Me To Advertise FAKE MAKEUP! | NikkieTutorials,https://www.youtube.com/watch?v=eIBzxJKapaY,1.9M views,1 year ago
Letting you know I'm okay... Makeup Therapy | NikkieTutorials,https://www.youtube.com/watch?v=mkF7Ep6gygQ,2.7M views,1 year ago
My MOST AWKWARD Celebrity Encounters EVER! | NikkieTutorials,https://www.youtube.com/watch?v=ITettzNFcyM,1.7M views,1 year ago
Testing PATRICK STARRR One/Size Beauty! THE TRUTH! | NikkieTutorials,https://www.youtube.com/watch?v=INhzgtqdEsc,1.1M views,1 year ago
DMing Celebrities To Pick My Makeup Routine! | NikkieTutorials,https://www.youtube.com/watch?v=Lc7nG3imufc,3.5M views,1 year ago
SHEA COULEÃ‰ Transforms Me Into NIKKIE COULEÃ‰! | NikkieTutorials,https://www.youtube.com/watch?v=nGuEwEbXKRE,1M views,1 year ago
CONFRONTING James Charles Why He REJECTED ME! ðŸ˜‰ | NikkieTutorials,https://www.youtube.com/watch?v=IZJWcYJ5-AI,3M views,1 year ago
Getting READY With SOFIA CARSON! | NikkieTutorials,https://www.youtube.com/watch?v=1j5ekKdBlS0,1.1M views,1 year ago
WHO KNOWS ME BETTER?! Fiance vs. Best Friend! | NikkieTutorials,https://www.youtube.com/watch?v=kexEqg3rcSQ,1.6M views,1 year ago
I Wasn't Accepted By My Entire Family... PRIDE with NikkieTutorials,https://www.youtube.com/watch?v=6ob009jux_I,2.2M views,1 year ago
CRYSTAL METHYD Transforms Me Into NIKKIE METHYD! | NikkieTutorials,https://www.youtube.com/watch?v=O9y2E4x4nvs,1.6M views,1 year ago
Applying ALL My 171(!!) PALETTES To My Face! OMG! | NikkieTutorials,https://www.youtube.com/watch?v=fUaAdLJT080,4.8M views,1 year ago
Full Face Using ONLY Black-Owned Makeup Brands | NikkieTutorials,https://www.youtube.com/watch?v=UDxBkY4IlSc,1.7M views,1 year ago
Jeffree Star CREMATED Palette REVIEW... Yikes! | NikkieTutorials,https://www.youtube.com/watch?v=OcscSR7NaBA,6.9M views,1 year ago
LADY GAGA Stupid Love Palette REVIEW! OMG! | NikkieTutorials,https://www.youtube.com/watch?v=h7HmIKtd1dM,1.7M views,1 year ago
WTF! 150 FOUNDATION?! Tom Ford Foundation Review | NikkieTutorials,https://www.youtube.com/watch?v=gCG6j5rgNCQ,1.3M views,1 year ago
15-MINUTE MAKEUP CHALLENGE ft. Davina Michelle,https://www.youtube.com/watch?v=c6n_6Hutgn8,3M views,1 year ago
Sharing My Secrets... TRUTH OR DARE MAKEUP CHALLENGE!,https://www.youtube.com/watch?v=5x0VtAEPmc4,1.6M views,1 year ago
Instagram Filters CHOOSE MY MAKEUP! | NikkieTutorials,https://www.youtube.com/watch?v=J1SiGa5-qlM,2M views,1 year ago
Makeup HUNT! My FiancÃ© Hides ALL MY MAKEUP! | NikkieTutorials,https://www.youtube.com/watch?v=VBHEtscJRb4,916K views,1 year ago
Doing My FIANCE'S Makeup! | NikkieTutorials,https://www.youtube.com/watch?v=gf7-FhCcREI,5.3M views,1 year ago
AFFORDABLE Flawless Makeup Transformation  | NikkieTutorials,https://www.youtube.com/watch?v=EBPV5mg3N4I,2M views,1 year ago
SECRETS EXPOSED! Studio Tour + HUGE Makeup Collection | NikkieTutorials,https://www.youtube.com/watch?v=uKK67DJL-ps,2.3M views,1 year ago
FOLLOWING THE FIRST TUTORIAL I'VE EVER WATCHED! | NikkieTutorials,https://www.youtube.com/watch?v=N5cmE9OtJMM,2.3M views,2 years ago
67$ LIPSTICK? WTF! Hermes Lipsticks Review... THE TRUTH!,https://www.youtube.com/watch?v=7ZZXWe7hPPY,2.5M views,2 years ago
LED Lights Makeup Challenge | NikkieTutorials,https://www.youtube.com/watch?v=5wEgw7R8FKk,2.9M views,2 years ago
HOROSCOPE Makeup Challenge! | NikkieTutorials,https://www.youtube.com/watch?v=t5qN9aJdn2k,1.3M views,2 years ago
THE TRUTH... Sailor Moon x ColourPop Makeup Review!,https://www.youtube.com/watch?v=wOb9ytQm5_0,1.6M views,2 years ago
I Should've Given Myself A Different Name... FIRST LETTER Makeup Challenge!,https://www.youtube.com/watch?v=nJRGjAjTUss,2.5M views,2 years ago
JEFFREE STAR Blood Lust Collection Review... THE TRUTH!,https://www.youtube.com/watch?v=bxzy7Igiu6U,4.9M views,2 years ago
THE TRUTH... JACLYN HILL x Morphe Volume II Palette REVIEW!,https://www.youtube.com/watch?v=7Pu3j8vUWkE,2.9M views,2 years ago
Why Valentine's Day SUCKS... & how to make it better!,https://www.youtube.com/watch?v=Ku4HwETt30g,1.5M views,2 years ago
Doing MEGHAN TRAINOR'S Makeup! | NikkieTutorials,https://www.youtube.com/watch?v=ZDaJnL8ds4o,2.7M views,2 years ago
Responding To My Coming Out.,https://www.youtube.com/watch?v=AgKLxQmONgM,5M views,2 years ago
I'm Coming Out.,https://www.youtube.com/watch?v=QOOw2E_qAsE,38M views,2 years ago
FIANCE DOES MY MAKEUP IN DUTCH!!! | NikkieTutorials,https://www.youtube.com/watch?v=ScndpbSXyfU,8.1M views,2 years ago
TRYING TOY MAKEUP?! WTF! | NikkieTutorials,https://www.youtube.com/watch?v=ws2Hp8MyAGs,1.5M views,2 years ago
Glam&Gore Transforms Me Into FROZEN'S OLAF... but there's a twist!,https://www.youtube.com/watch?v=3RNNxUUnxAs,1.9M views,2 years ago
MY FAMILY PICKS MY Makeup Challenge! | NikkieTutorials,https://www.youtube.com/watch?v=o2eLkIRPFwY,1.6M views,2 years ago
EXTREME DRAG TRANSFORMATION! ft. Envy Peru | NikkieTutorials,https://www.youtube.com/watch?v=tNmrodYPrqA,4.1M views,2 years ago
I Can't Believe I'm Doing This...,https://www.youtube.com/watch?v=_NMONHg_ES4,1M views,2 years ago
DRUGSTORE Holiday Makeup Tutorial | NikkieTutorials,https://www.youtube.com/watch?v=DcVPBQgazcw,1.1M views,2 years ago
Full Face Using FENTY BEAUTY!! Snap Shadows FIRST IMPRESSIONS! | NikkieTutorials,https://www.youtube.com/watch?v=94uTxWHkP8o,1.5M views,2 years ago
THE TRUTH.. Testing TATI BEAUTY & JACLYN COSMETICS! | NikkieTutorials,https://www.youtube.com/watch?v=u5enbINp1XE,1.9M views,2 years ago
Doing LADY GAGA'S Makeup! | NikkieTutorials,https://www.youtube.com/watch?v=kx_uCdTRCAw,10M views,2 years ago
Recreating SHANE DAWSON'S Makeup Look On Me! | NikkieTutorials,https://www.youtube.com/watch?v=HqfD8hYi63g,1.1M views,2 years ago
HOW TO FAKE FULL FLUFFY BROWS!! OMG! | NikkieTutorials,https://www.youtube.com/watch?v=unLNOxFVASw,2.2M views,2 years ago
SHANE DAWSON X JEFFREE STAR Conspiracy Palette... THE TRUTH!!! | NikkieTutorials,https://www.youtube.com/watch?v=EUb2dvsJmAI,8.7M views,2 years ago
We need to talk about...,https://www.youtube.com/watch?v=HeKB5YxzXJE,2.8M views,2 years ago
MY HALLOWEEN DREAM COMES TRUE!!! | NikkieTutorials,https://www.youtube.com/watch?v=VHeQP5FuPRg,553K views,2 years ago
"Doing My Makeup, ALONE in a HAUNTED FOREST! | NikkieTutorials",https://www.youtube.com/watch?v=18uwP-aTqqI,1.5M views,2 years ago
APPLYING 1000+ DIAMONDS ON MY FACE FOR HALLOWEEN! | NikkieTutorials,https://www.youtube.com/watch?v=3juR17IF8sg,935K views,2 years ago
JOJO SIWA Halloween Makeup Transformation! | NikkieTutorials,https://www.youtube.com/watch?v=2N0Utgsd3Is,888K views,2 years ago
BRIDE FROM HELL Halloween Tutorial | NikkieTutorials,https://www.youtube.com/watch?v=--aOisk7Hf8,1M views,2 years ago
I Transformed My Mom Into MORTICIA ADDAMS! | NikkieTutorials,https://www.youtube.com/watch?v=ly58S_-f2iE,1.3M views,2 years ago
FLAWLESS for FALL In-Depth Makeup Tutorial | NikkieTutorials,https://www.youtube.com/watch?v=TtI35axa8PY,880K views,2 years ago
Giving A SUBSCRIBER A MAKEOVER! | NikkieTutorials,https://www.youtube.com/watch?v=wUlAfsYTe5A,458K views,2 years ago
REACTING TO & RECREATING My PROM Look! | NikkieTutorials,https://www.youtube.com/watch?v=TtCBOeE3Dug,1.8M views,2 years ago
BABY FEVER Before The Wedding?? | NikkieTutorials,https://www.youtube.com/watch?v=FlJz2ngG8Dw,985K views,2 years ago
LADY GAGA Haus Laboratories Makeup Review.. The Truth! | NikkieTutorials,https://www.youtube.com/watch?v=ijteCRV53eQ,2.2M views,2 years ago
A Surviving MOM Makeover! | NikkieTutorials,https://www.youtube.com/watch?v=7yai_LPxLtY,805K views,2 years ago
60 MINUTE VS. 6 MINUTE Makeup Challenge! | NikkieTutorials,https://www.youtube.com/watch?v=prHARc5vhpo,4.1M views,2 years ago
Getting A BOY Ready For PROM! | NikkieTutorials,https://www.youtube.com/watch?v=4tajPsQJVi8,1M views,2 years ago
MY FIANCE PICKS HALF MY MAKEUP LOOK!! His VS. Hers | NikkieTutorials,https://www.youtube.com/watch?v=Ug-D_PowKc4,2.2M views,2 years ago
TESTING WATERPROOF MAKEUP UNDERWATER!! | NikkieTutorials,https://www.youtube.com/watch?v=9FltyjuGvGk,3.6M views,2 years ago
YIKES! The Most Boring 68$ Foundation EVER?? | NikkieTutorials,https://www.youtube.com/watch?v=NC8M2poxuBg,1M views,2 years ago
I TRANSFORMED INTO A WII CHARACTER! | NikkieTutorials,https://www.youtube.com/watch?v=5L1RMS8zUlU,1.4M views,2 years ago
I AM GETTING MARRIED?! | NikkieTutorials,https://www.youtube.com/watch?v=gFAcOdwqSW4,5.3M views,2 years ago
READING YOUR ASSUMPTIONS ABOUT ME.. The Truth! | NikkieTutorials,https://www.youtube.com/watch?v=v2Gkr5DMqD8,3M views,2 years ago
DOING BECKY G's MAKEUP! OMG!!! | NikkieTutorials,https://www.youtube.com/watch?v=1Xn6BZqhMio,4.2M views,2 years ago
SPEAKING DUTCH ONLY Makeup Tutorial! | NikkieTutorials,https://www.youtube.com/watch?v=jL0qadiKDlQ,11M views,2 years ago
FULL FACE OF FLAWLESS In-Depth Makeup Tutorial | NikkieTutorials,https://www.youtube.com/watch?v=dhLCzSwUTvc,5.9M views,2 years ago
JEFFREE STAR Jawbreaker Collection Review | NikkieTutorials,https://www.youtube.com/watch?v=p3QqjdTn2uY,3.9M views,2 years ago
HAMBURGER Eyeshadow Palette?? WTF!! | NikkieTutorials,https://www.youtube.com/watch?v=BBdH7Chc_1k,1.5M views,2 years ago
THE BEST DRUGSTORE CONCEALER?? | NikkieTutorials,https://www.youtube.com/watch?v=owh-CzeViuE,1.8M views,2 years ago
ABH Cosmetics X ALYSSA EDWARDS Palette.. the TRUTH! | NikkieTutorials,https://www.youtube.com/watch?v=p4Z_wFMk3uM,1.4M views,2 years ago
RANDOM NUMBERS PICK MY MAKEUP CHALLENGE! | NikkieTutorials,https://www.youtube.com/watch?v=NWpr7jhKHwQ,2.4M views,2 years ago
How I USED To Do My Makeup VS. NOW! | NikkieTutorials,https://www.youtube.com/watch?v=4QEVEYHRpDQ,6M views,2 years ago
THE NEW WORLD'S MOST FULL COVERAGE FOUNDATION?? | NikkieTutorials,https://www.youtube.com/watch?v=9cPsX5_1sGo,6.7M views,2 years ago
GETTING A NEW TATTOO!! Tattoo Confessions!,https://www.youtube.com/watch?v=2vLmf4LyHmE,1.2M views,2 years ago
TRANSFORMING MY MOM INTO ME!,https://www.youtube.com/watch?v=CGJkvTjoV5Y,4.4M views,2 years ago
I Tried A BLACKPINK Korean Beauty Makeup Look!,https://www.youtube.com/watch?v=bvQ8rq6xfhg,1.9M views,2 years ago
JEFFREE STAR Magic Star CONCEALER & SETTING POWDER.. The Truth!,https://www.youtube.com/watch?v=5F0hxraDsEk,4.2M views,2 years ago
SNOOP DOGG NARRATES MY MAKEUP ROUTINE!,https://www.youtube.com/watch?v=8ZJgeL1Qs_Y,5.9M views,2 years ago
Trying The BLUE BLOOD Collection by Jeffree Star!,https://www.youtube.com/watch?v=fSxNUpGD-44,2.9M views,2 years ago
MEETING RIHANNA: What Was It REALLY Like??,https://www.youtube.com/watch?v=UVHZEaVR31o,1.6M views,2 years ago
Game of Thrones MAKEUP + ASMR MUKBANG! WTF!,https://www.youtube.com/watch?v=Uvt2aRx2poE,1.2M views,2 years ago
A SHOCKING Makeup Quiz With My BOYFRIEND!!,https://www.youtube.com/watch?v=Vvyu87jg9Cs,2.5M views,2 years ago
INVERTED X-RAY Makeup! WTF!,https://www.youtube.com/watch?v=Z0muF3ktWZM,3.8M views,2 years ago
The ULTIMATE Green Look! GREEN MAKEUP CHALLENGE 2.0,https://www.youtube.com/watch?v=5UYfpFqHGFI,1.9M views,2 years ago
THE ALPHABET MAKEUP CHALLENGE!,https://www.youtube.com/watch?v=pe3HSrxR4B8,4.8M views,2 years ago
I Tried UNISEX MAKEUP! WTF!,https://www.youtube.com/watch?v=UPOfD6w8Dkc,1.6M views,3 years ago
I Played a FAKE NikkieTutorials VIDEO GAME! OMG!,https://www.youtube.com/watch?v=EahX5vfHGpY,6.3M views,3 years ago
I DID MAKEUP ON THE STUNNING ASHLEY GRAHAM!,https://www.youtube.com/watch?v=7H1EBnb3ncE,2.4M views,3 years ago
LADY GAGA'S MAKEUP ARTIST DOES MY MAKEUP! | ft. Sarah Tanno,https://www.youtube.com/watch?v=yum3uRG1SDQ,3.6M views,3 years ago
FULL FACE USING ONLY AFFORDABLE MAKEUP - Valentine's Day Tutorial,https://www.youtube.com/watch?v=yiYlUTki9S0,3M views,3 years ago
KYLIE COSMETICS 2019 Valentine's Day Collection REVIEW | Face Match,https://www.youtube.com/watch?v=i8h5wQysoiI,2.2M views,3 years ago
TURNING MYSELF INTO A BRATZ DOLL! The Bratz Challenge!,https://www.youtube.com/watch?v=OA_f--SCedE,3.8M views,3 years ago
$9 FOUNDATION STICK VS. $87 FOUNDATION STICK: Who Wins?,https://www.youtube.com/watch?v=OFmy3lm0Fd4,3M views,3 years ago
PORES ARE SHAKING!!! FENTY Beauty Concealer & Setting Powder REVIEW!,https://www.youtube.com/watch?v=bGqU4RRP7aY,2M views,3 years ago
2018 BEST MAKEUP PRODUCTS!,https://www.youtube.com/watch?v=7eLA3Q1VzfI,1.5M views,3 years ago
BIRD BOX INSPIRED MAKEUP TUTORIAL!,https://www.youtube.com/watch?v=ajK3e2YtLbE,1M views,3 years ago
SPARKLY BLACK NYE SMOKEY EYES In-Depth Makeup Tutorial,https://www.youtube.com/watch?v=5X-sNaLzpCs,1.6M views,3 years ago
THE NATURAL MAKEUP CHALLENGE VOL. 2!,https://www.youtube.com/watch?v=FsLzvQTfHYo,3.6M views,3 years ago
MY MOM DOES MY MAKEUP!,https://www.youtube.com/watch?v=S2YaWZy4gsM,3.5M views,3 years ago
JENGA MAKEUP CHALLENGE!,https://www.youtube.com/watch?v=gICZiPiheL8,3M views,3 years ago
FULL FACE USING ONLY STRANGERS' MAKEUP! OMG!,https://www.youtube.com/watch?v=Kg_0FwWA4e8,3.3M views,3 years ago
Following A BOB ROSS Painting Tutorial.. ON MY FACE!,https://www.youtube.com/watch?v=9UGIP1mTz6Y,2.3M views,3 years ago
VAMPY Holiday Cat Eye Makeup Transformation!,https://www.youtube.com/watch?v=RcFt-f5wZJg,1.3M views,3 years ago
BELOW ZERO MAKEUP CHALLENGE!,https://www.youtube.com/watch?v=q17Mm9-3wbM,1.5M views,3 years ago
THE OLYMPICS OF MAKEUP: Backstage at VERSACE!,https://www.youtube.com/watch?v=uyRnkTnDdck,1.4M views,3 years ago
MAGIC MAKEUP IN A BOTTLE SPRAY TUTORIAL!,https://www.youtube.com/watch?v=7VfLZ4AHtvo,3.6M views,3 years ago
EXTREME HOLIDAY MAKEUP TRANSFORMATION!,https://www.youtube.com/watch?v=9J283TNhxJI,1.9M views,3 years ago
NEVER WOULD I EVER MAKEUP CHALLENGE!,https://www.youtube.com/watch?v=VkKZzN9m0Sk,3M views,3 years ago
TRYING THE JAMES CHARLES x MORPHE PALETTE!,https://www.youtube.com/watch?v=XdEF_X6QuJ0,3.1M views,3 years ago
HARRY POTTER SORTING HAT PICKS MY MAKEUP!,https://www.youtube.com/watch?v=wc0J4GW9Q5M,1.7M views,3 years ago
DOING MY MAKEUP IN THE DARK CHALLENGE!,https://www.youtube.com/watch?v=9fp3aVJW8hY,3.7M views,3 years ago
MY DIAMOND PLAY BUTTON AND I GET READY!!,https://www.youtube.com/watch?v=q9pJxGmEZb4,1.7M views,3 years ago
COLORFUL CLOWN SKULL HALLOWEEN TUTORIAL!,https://www.youtube.com/watch?v=SPtACgC7l2U,1.7M views,3 years ago
PHANTOM OF MAKEUP MASK HALLOWEEN TUTORIAL,https://www.youtube.com/watch?v=FhFjTc41UgU,5.6M views,3 years ago
BAT EYELINER FOR HALLOWEEN!,https://www.youtube.com/watch?v=Sqsvk1qvrKM,1.7M views,3 years ago
DRIPPING GLAM SKULL MAKEUP FOR HALLOWEEN!,https://www.youtube.com/watch?v=Bte7PK6GcIc,2.1M views,3 years ago
FLAWLESS FALL/HALLOWEEN MAKEUP TRANSFORMATION!,https://www.youtube.com/watch?v=knzKI4CkfE0,3.1M views,3 years ago
REVERSED UPSIDE DOWN EYE MAKEUP TUTORIAL!,https://www.youtube.com/watch?v=58t2EOouEo4,4.1M views,3 years ago
RIHANNA'S MAKEUP ARTIST DOES MY MAKEUP! | ft. Priscilla Ono,https://www.youtube.com/watch?v=0Px_ihYqFs8,7.9M views,3 years ago
WHAT'S IN THE BAG CHALLENGE!,https://www.youtube.com/watch?v=PGHEQkVK7v8,3.2M views,3 years ago
THE CLOUD EYE MAKEUP TREND!,https://www.youtube.com/watch?v=7EkTq7MQkzs,2.1M views,3 years ago
I TRIED DOING MY BROWS WITH A PEN?? OMG!,https://www.youtube.com/watch?v=SpbTwLbOsmA,2.6M views,3 years ago
WORLD'S WEIRDEST MAKEUP SPONGE?? IT'S FUZZY!!,https://www.youtube.com/watch?v=6J75R4U_LCg,3.3M views,3 years ago
TRUTH OR DARE MAKEUP CHALLENGE!,https://www.youtube.com/watch?v=-4BSRUOZ--I,4.6M views,3 years ago
POPPING SUMMER MAKEUP TRANSFORMATION!,https://www.youtube.com/watch?v=8qtHSLRVIf8,2.1M views,3 years ago
I Tried Following ONLY THE VOICEOVER of a MAKEUP TUTORIAL!,https://www.youtube.com/watch?v=RtQ_b2TSjWU,7M views,3 years ago
MY SUBSCRIBERS PICK MY MAKEUP LOOK!,https://www.youtube.com/watch?v=08NLbz4fyXA,5.5M views,3 years ago
MAKEUP BINGO! OMG!!,https://www.youtube.com/watch?v=tNZC7Ln2WMM,5.4M views,3 years ago
BYE PR LIST? - KYLIE COSMETICS SUMMER 2018 COLLECTION REVIEW,https://www.youtube.com/watch?v=67WflNLk6tg,4.3M views,3 years ago
I WORE MAKEUP FOR 24 HOURS!!! ...this is what happened!,https://www.youtube.com/watch?v=vE-uOJ5BB50,6.6M views,3 years ago
DOING MY MAKEUP IN REVERSE! OMG!,https://www.youtube.com/watch?v=-ooesGSk4b0,6.2M views,3 years ago
MY DOGS PICK MY MAKEUP!! | NikkieTutorials,https://www.youtube.com/watch?v=G85O7g6x-P4,3M views,3 years ago
STUCK IN THE STORM... we need to talk.,https://www.youtube.com/watch?v=wpf0uR2k1-w,1.7M views,3 years ago
POWER OF MAKEUP: DREW BARRYMORE | NikkieTutorials,https://www.youtube.com/watch?v=dSYtRcrr1do,6.4M views,3 years ago
EXTREME SUMMER GLAM TRANSFORMATION! | NikkieTutorials,https://www.youtube.com/watch?v=G4L4qWjwEtk,3.3M views,3 years ago
MAKEUP THERAPY! RED FOR MY LITTLE BROTHER | NikkieTutorials,https://www.youtube.com/watch?v=5aY4VuFXos4,4.3M views,3 years ago
RAINBOW BROWS TUTORIAL! | NikkieTutorials,https://www.youtube.com/watch?v=B_3fYZmMxws,2.2M views,3 years ago
EXTREME ANIME MAKEUP TRANSFORMATION,https://www.youtube.com/watch?v=ExWXpH9A-3M,5.3M views,3 years ago
THE GREEN MAKEUP CHALLENGE! | NikkieTutorials,https://www.youtube.com/watch?v=0zZ0Y_UZRBw,4.7M views,3 years ago
PATRICKSTARRR TRANSFORMING ME INTO PATRICKSTARRR,https://www.youtube.com/watch?v=duXW_wPTw0o,2.8M views,3 years ago
KOURT x KYLIE COSMETICS First Impressions & Swatches,https://www.youtube.com/watch?v=0crJIa1Dzu8,2.1M views,3 years ago
BEYONCE'S MAKEUP ARTIST DOES MY MAKEUP! | ft. Sir John,https://www.youtube.com/watch?v=L29S0JPOrV0,3.8M views,3 years ago
GOOGLE PICKS MY MAKEUP CHALLENGE! | NikkieTutorials,https://www.youtube.com/watch?v=lqTKup-wpEU,5.5M views,3 years ago
KKW BEAUTY x MARIO COLLECTION REVIEW | Face Match,https://www.youtube.com/watch?v=tIJVPx4ZIQE,3.9M views,3 years ago
ERASABLE EYELINER?? WTF!!,https://www.youtube.com/watch?v=pWy9HLCW3EY,2.7M views,3 years ago
KIM KARDASHIAN: KKW Concealer Kits REVIEW ft. JAMES CHARLES!,https://www.youtube.com/watch?v=Ii3Rr4-Pxow,3.2M views,3 years ago
OMG! WORLD'S BEST EYESHADOW PRIMER?? | NikkieTutorials,https://www.youtube.com/watch?v=abr6q7QSi_A,1.8M views,4 years ago
I TRIED FOLLOWING A SIMPLY NAILOGICAL MAKEUP TUTORIAL... WOW!,https://www.youtube.com/watch?v=OylDdm-6ZH0,7.6M views,4 years ago
GET GLAM WITH ME!! - Glow Around The World: Amangiri & NYC,https://www.youtube.com/watch?v=zjTgu1sDSkw,1.8M views,4 years ago
DOING NICOLE RICHIE'S MAKEUP?!,https://www.youtube.com/watch?v=wjOK-U2GhIs,1.9M views,4 years ago
COLOR CHANGING HEAT-ACTIVATED HIGHLIGHTER??,https://www.youtube.com/watch?v=KYpbw8ImDVs,4M views,4 years ago
MAKEUP ROULETTE CHALLENGE feat. JAMES CHARLES!,https://www.youtube.com/watch?v=jsDR2y3FPKE,7.5M views,4 years ago
BEST MAKEUP OF 2017!,https://www.youtube.com/watch?v=aCoDqL1dK9c,2.5M views,4 years ago
EYEBROW EXTENSIONS GEL?!,https://www.youtube.com/watch?v=uLTjkjRgkvo,3.7M views,4 years ago
FULL FACE USING ONLY MY MOM'S MAKEUP Challenge | NikkieTutorials,https://www.youtube.com/watch?v=f6Egj7ncOi8,8.6M views,4 years ago
BYE MAKEUP! GET UNREADY WITH ME! | NikkieTutorials,https://www.youtube.com/watch?v=oYmc98Tx0BA,11M views,4 years ago
THE ULTIMATE NYE GLAM TRANSFORMATION!,https://www.youtube.com/watch?v=GT23RJvMVLU,3.6M views,4 years ago
$11.99 FOUNDATION VS. $40 FOUNDATION: Who Wins ???,https://www.youtube.com/watch?v=sd80ZipTMDE,5.6M views,4 years ago
TRYING POWDER LIPSTICK?!,https://www.youtube.com/watch?v=G8q98mqwyIE,5.9M views,4 years ago
THE NATURAL MAKEUP CHALLENGE!,https://www.youtube.com/watch?v=RhyY-bQ64QU,9.5M views,4 years ago
$45 SLIME HIGHLIGHTER??,https://www.youtube.com/watch?v=M8YCA_Xzih4,4.7M views,4 years ago
EXTREME HOLIDAY GLAM TRANSFORMATION!,https://www.youtube.com/watch?v=r1x0X5PCYak,13M views,4 years ago
WORLD'S WORST BLUSH?? Testing BLACK CREAM BLUSH!,https://www.youtube.com/watch?v=q8DVS4HoOD8,4.1M views,4 years ago
KIM KARDASHIAN: KKW Ultralight Beam Glow + Glosses REVIEW!,https://www.youtube.com/watch?v=gG4UcZlc3ko,3.7M views,4 years ago
HOW TO LOOK LIKE A HOLIDAY PRESENT!,https://www.youtube.com/watch?v=Tw9FWGejHmo,1.7M views,4 years ago
HOW TO SLAY YOUR HOLIDAY MAKEUP LOOK!,https://www.youtube.com/watch?v=qTgDrI3_Ypo,5.6M views,4 years ago
TESTING THE WEIRDEST BROW PRODUCT: Eyebrow Cushion?!,https://www.youtube.com/watch?v=9FtJrpIbnJk,2.4M views,4 years ago
HOLY GRAIL FOUNDATION?? Huda Beauty Faux Filter Foundation REVIEW!,https://www.youtube.com/watch?v=PuLXfEQsVlM,5.7M views,4 years ago
"MEAN GIRLS ""BURN BOOK"" EYESHADOW PALETTE Review + Swatches",https://www.youtube.com/watch?v=dUv1Q_A4FlQ,1.6M views,4 years ago
Side by Side + PatrickStarrr,https://www.youtube.com/watch?v=wF4kp5tLQG4,3.3M views,4 years ago
VAMPIRE PRINCESS Halloween Makeup Tutorial,https://www.youtube.com/watch?v=gt6Zz3RnDNU,1.9M views,4 years ago
THE BEST AFFORDABLE WARM-TONED EYESHADOW PALETTE?? | NikkieTutorials,https://www.youtube.com/watch?v=ol2HKuhUN2Y,1.8M views,4 years ago
WORLD'S BEST BROW PRODUCT?? | NikkieTutorials,https://www.youtube.com/watch?v=aepr6ynzeX4,4.8M views,4 years ago
RIHANNA: FENTY BEAUTY - Review + First Impressions,https://www.youtube.com/watch?v=N_zDcuX1Y54,10M views,4 years ago
PLAYING WITH MAGIC MAKEUP?? | NikkieTutorials,https://www.youtube.com/watch?v=Q2Ku7ELCBag,5.1M views,4 years ago
Honest Get Ready With Me - GLOW AROUND THE WORLD: Home Edition,https://www.youtube.com/watch?v=ErWdM5kbwjU,2M views,4 years ago
FINGERPRINT MAKEUP SPONGE?? HUGE FAIL!! | NikkieTutorials,https://www.youtube.com/watch?v=zjMXt3q1fvo,4.8M views,4 years ago
WORLD'S MOST FULL COVERAGE FOUNDATION?? | NikkieTutorials,https://www.youtube.com/watch?v=dOjhgtCQwhw,12M views,4 years ago
HUDA BEAUTY DESERT DUSK PALETTE: Review + Swatches,https://www.youtube.com/watch?v=9i3phzdLPD4,2.9M views,4 years ago
EPIC FAIL?? - NICKI MINAJ x MAC LIPSTICKS: Review + Swatches,https://www.youtube.com/watch?v=4nc99x71bkA,3.2M views,4 years ago
POWER OF MAKEUP: KIM KARDASHIAN WEST | NikkieTutorials,https://www.youtube.com/watch?v=uYTFx26-S1A,19M views,4 years ago
AFFORDABLE EXTREME GLAM TRANSFORMATION!,https://www.youtube.com/watch?v=1fija7D1BRw,3.5M views,4 years ago
KIM KARDASHIAN: KKW BEAUTY - POWDER CONTOUR & HIGHLIGHT KIT REVIEW!,https://www.youtube.com/watch?v=zGcn6ESVK-o,2.7M views,4 years ago
MY LITTLE PONY MAKEUP?? Testing The PÃœR Collection!,https://www.youtube.com/watch?v=CB_pcMW2SeI,2M views,4 years ago
KYLIE COSMETICS Birthday Collection - Review & Swatches,https://www.youtube.com/watch?v=rinIK3mhNI0,2.1M views,4 years ago
Personal Get Ready With Me - GLOW AROUND THE WORLD: The Hamptons,https://www.youtube.com/watch?v=dYwT5SuY8gA,2.1M views,4 years ago
"BEST AFFORDABLE, BLINDING HIGHLIGHTERS!! | NikkieTutorials",https://www.youtube.com/watch?v=A9Dv_f1ASnw,2.5M views,4 years ago
WORLD'S BEST LIPSTICKS?? | NikkieTutorials,https://www.youtube.com/watch?v=qHR22bRG1-U,4.5M views,4 years ago
WILL THIS MAKE ME A CONTOUR QUEEN?? Testing the Clarisonic Makeup Brush!!,https://www.youtube.com/watch?v=duU6A60toJ4,2.1M views,4 years ago
JUNE Hits and Oh God NO's 2017,https://www.youtube.com/watch?v=qckBHik4Prc,1.4M views,4 years ago
SHANE DAWSON DOES MY MAKEUP!,https://www.youtube.com/watch?v=Buw-fn98BK4,4.9M views,4 years ago
TRANSFORMING MY BESTIE INTO ME CHALLENGE!,https://www.youtube.com/watch?v=o-5dSirgRXs,4.5M views,4 years ago
Trying HOLO MAKEUP STICKERS??,https://www.youtube.com/watch?v=OMHe4wQ0Ojo,1.3M views,4 years ago
FACE SHAPE CHANGING LACE MASK??,https://www.youtube.com/watch?v=4-206PuCtuY,1.8M views,4 years ago
Trying The CARTOON LINER Look!,https://www.youtube.com/watch?v=dNQq5CXiQ7w,1.6M views,4 years ago
URBAN DECAY NAKED HEAT Collection - Review & Swatches,https://www.youtube.com/watch?v=lU-7Nnvgnyg,3.4M views,4 years ago
WORLD'S MOST PIGMENTED EYESHADOW PALETTE?? | NikkieTutorials,https://www.youtube.com/watch?v=hnAkUO1xSbc,3.3M views,4 years ago
WONDER WOMAN Comic Inspired Makeup Tutorial,https://www.youtube.com/watch?v=Qxdm1guax_U,4.7M views,4 years ago
KYLIE COSMETICS Koko Kollection - Review & Swatches,https://www.youtube.com/watch?v=O1ex4YMXDEY,2.7M views,4 years ago
MAY Hits and Oh God NO's 2017,https://www.youtube.com/watch?v=7ca9oQjDH-o,1.4M views,4 years ago
PERFECT LINER USING A FLOSS PICK?? | NikkieTutorials,https://www.youtube.com/watch?v=4mrxelXEBTM,1.3M views,4 years ago
GLITTER CUT-CREASE LINER & Glowy Spring Makeup Tutorial,https://www.youtube.com/watch?v=OtlZ4N3wKtw,1.2M views,4 years ago
PROM MAKEUP TUTORIAL - White Cut Crease & DIAMOND Eyeliner,https://www.youtube.com/watch?v=eUnRtjHMfyE,2.7M views,4 years ago
HOW TO GET LONG-LASTING & FLAWLESS MAKEUP ALL DAY LONG!,https://www.youtube.com/watch?v=47xBdzkWlJA,4.5M views,4 years ago
SILVER Glittery & Glowy FESTIVAL Makeup Tutorial,https://www.youtube.com/watch?v=LLcvbu-Z5H4,1.1M views,4 years ago
PERRIE EDWARDS / No More Sad Songs Inspired Makeup Tutorial,https://www.youtube.com/watch?v=OP9vXs8hqq0,1.5M views,4 years ago
MARCH Hits and Oh God NO's 2017,https://www.youtube.com/watch?v=8Q7MCR1xBnM,1.3M views,4 years ago
TAKING FOUNDATION APPLICATION TO THE NEXT LEVEL!,https://www.youtube.com/watch?v=vOijwRnCU7g,2.3M views,4 years ago
SILICONE BEAUTYBLENDER?! Trying an Evie Blender for Foundation!,https://www.youtube.com/watch?v=Ejh2ph6JuHo,2.3M views,4 years ago
Trying The Viral CROWN EYE MAKEUP Look!,https://www.youtube.com/watch?v=z9t8cbS2Oqg,2M views,5 years ago
*REVEALING* The OFRA x NIKKIETUTORIALS Collection!,https://www.youtube.com/watch?v=ReBxlhv5jg8,1.9M views,5 years ago
FEBRUARY Hits and Oh God NO's 2017,https://www.youtube.com/watch?v=gFLwtDi8nwM,1.7M views,5 years ago
FINGERBLENDER?! Trying a Makeup Bullet Sponge For Foundation!,https://www.youtube.com/watch?v=ZO3BIHPkqzg,2.8M views,5 years ago
ENDING MAKEUP SHAMING! - GO-TO Ultra Glam Makeup Tutorial,https://www.youtube.com/watch?v=WU67VUUG3vM,1.6M views,5 years ago
KATY PERRY Inspired - Chained To The Rhythm Makeup Tutorial,https://www.youtube.com/watch?v=gst0_BeI_B4,1.2M views,5 years ago
Side by Side + Jessie J,https://www.youtube.com/watch?v=SOoauHBpcbU,14M views,5 years ago
JANUARY Hits and Oh God NO's 2017,https://www.youtube.com/watch?v=kPH-V28epXs,2.2M views,5 years ago
FIFTY SHADES DARKER Inspired - Grey Makeup Tutorial,https://www.youtube.com/watch?v=F3b34ZipY7s,2.2M views,5 years ago
KYLIE COSMETICS Valentine's Day Collection - Review & Tutorial,https://www.youtube.com/watch?v=ui54U6BxlWY,2.9M views,5 years ago
CLASSIC Matte Valentine's Day Makeup Tutorial,https://www.youtube.com/watch?v=KMnQFCloJoQ,3.2M views,5 years ago
ANTI-Valentine's Day Makeup Tutorial,https://www.youtube.com/watch?v=LHtqtn50_o8,2.5M views,5 years ago
Side by Side + Kim Thai,https://www.youtube.com/watch?v=9vtARLwu4Hk,3.5M views,5 years ago
PERFECT LINER USING THREAD?? | NikkieTutorials,https://www.youtube.com/watch?v=uoXADEgOx7I,2.2M views,5 years ago
SOFT SMOKEY GLAM Makeup Tutorial,https://www.youtube.com/watch?v=vevG0cBTzIo,2.7M views,5 years ago
DECEMBER Hits and Oh God NO's 2016,https://www.youtube.com/watch?v=McffhFoPnU0,2.3M views,5 years ago
FULL FACE USING ONLY GLITTER Challenge | NikkieTutorials,https://www.youtube.com/watch?v=I9L5qW2iios,4.9M views,5 years ago
RECREATING + REACTING To My FIRST Video Ever!,https://www.youtube.com/watch?v=yyXUKniyKR8,8.3M views,5 years ago
WORST MAKEUP SPONGE EVER?! Trying The TULIP Kabuki Sponge!,https://www.youtube.com/watch?v=DZY-wA8-tjo,4.4M views,5 years ago
Side by Side + Bebe Rexha,https://www.youtube.com/watch?v=3hAXnciAS6U,7.2M views,5 years ago
BOOBIEBLENDER?! Trying A BRA INSERT For Foundation!,https://www.youtube.com/watch?v=xyi4DWz62_o,5M views,5 years ago
NOVEMBER Hits and Oh God NO's 2016,https://www.youtube.com/watch?v=lb4ArFYzlM8,1.6M views,5 years ago
FULL FACE USING ONLY THE OPPOSITE HAND MAKEUP Challenge | NikkieTutorials,https://www.youtube.com/watch?v=D-5FbzPuryQ,5.4M views,5 years ago
EASY & GLOWY Silver Holiday Glam Makeup Tutorial,https://www.youtube.com/watch?v=xfjvTG7vysE,1.4M views,5 years ago
ROSE GOLD Cut Crease Smokey Eyes - THANKSGIVING Makeup Tutorial,https://www.youtube.com/watch?v=LRoHSArpE9Y,2.9M views,5 years ago
PERRIE EDWARDS / Shout Out To My Ex Inspired Makeup Tutorial,https://www.youtube.com/watch?v=ZF-6OUNjoug,3.4M views,5 years ago
Kylie Jenner THE BURGUNDY PALETTE | Review + Tutorial,https://www.youtube.com/watch?v=yNJnHykjDVo,1.8M views,5 years ago
OCTOBER Hits and Oh God NO's 2016,https://www.youtube.com/watch?v=7HhHBvd7Sqg,1.5M views,5 years ago
Glam ZOMBIE - Torn Mouth Halloween Makeup Tutorial,https://www.youtube.com/watch?v=wUB01eUYpDw,1.8M views,5 years ago
DEMON - Pulled Up Skin Halloween Makeup Tutorial,https://www.youtube.com/watch?v=EcqKjNJdkS0,18M views,5 years ago
CREEPY CLOWN Halloween Makeup Tutorial,https://www.youtube.com/watch?v=1q0KPd7wZLM,1.6M views,5 years ago
DOING DR. PIMPLE POPPER'S MAKEUP! | GLAMFORMATIONS #4,https://www.youtube.com/watch?v=kpqYHzXfOdc,2.5M views,5 years ago
SCREAM QUEENS Red Devil Eyeliner - HALLOWEEN Makeup Tutorial,https://www.youtube.com/watch?v=GyJrXPhRRmw,1.9M views,5 years ago
SEPTEMBER Hits and Oh God NO's 2016,https://www.youtube.com/watch?v=5deb0j9xW9Q,1.3M views,5 years ago
KYLIE JENNER LIP KITS | First Impressions & Swatches,https://www.youtube.com/watch?v=mMVwtnDwtWs,5.7M views,5 years ago
EASY Fall Vibes Glowy GLAM Makeup Tutorial,https://www.youtube.com/watch?v=9f4k4xQ6YIg,2M views,5 years ago
Mermaid GLITTER Smokey Eyes Makeup Tutorial,https://www.youtube.com/watch?v=NRRfksiKmZw,1.9M views,5 years ago
HOW I DID MY MAKEUP IN HIGH SCHOOL Challenge | NikkieTutorials,https://www.youtube.com/watch?v=IxxI1X9CSEk,24M views,5 years ago
AUGUST Hits and Oh God NO's 2016,https://www.youtube.com/watch?v=A1ec1dACsz8,2.4M views,5 years ago
FULL FACE USING ONLY MY FINGERS (NO BRUSHES) Challenge | NikkieTutorials,https://www.youtube.com/watch?v=JadaTnCDlbg,9.2M views,5 years ago
URBAN DECAY NAKED ULTIMATE BASICS PALETTE | First Impressions + Tutorial,https://www.youtube.com/watch?v=OrZZvjpJTqQ,2.2M views,5 years ago
GIGI HADID Bold & Glowy Mermaid Makeup Tutorial,https://www.youtube.com/watch?v=P-VSMvjCGNs,1.8M views,5 years ago
CONTOUR YOUR NOSE USING A FORK?? | NikkieTutorials,https://www.youtube.com/watch?v=tNj7fGswdQA,1.6M views,5 years ago
OMBRE Glittery Cut-Crease - TOO FACED x NIKKIETUTORIALS Collection Tutorial,https://www.youtube.com/watch?v=IS3DhdZsJoU,1.3M views,5 years ago
JULY Hits and Oh God NO's 2016,https://www.youtube.com/watch?v=uizEdlVdTxg,1.7M views,5 years ago
PURPLE GLAM Smokey Eyes - TOO FACED x NIKKIETUTORIALS Collection Tutorial,https://www.youtube.com/watch?v=rOgLDEN7fK4,1.9M views,5 years ago
Suicide Squad HARLEY QUINN Glam Makeup Tutorial,https://www.youtube.com/watch?v=N7-IhKrf11c,5.3M views,5 years ago
REVEALING The Power of Makeup by NikkieTutorials feat. TOO FACED COSMETICS,https://www.youtube.com/watch?v=LqQvDvQ-LK8,2.8M views,5 years ago
FULL FACE USING ONLY KIDS MAKEUP Challenge | NikkieTutorials,https://www.youtube.com/watch?v=6aeE5LXujC4,34M views,5 years ago
ZENDAYA Edgy Double Cut-Crease Makeup Tutorial,https://www.youtube.com/watch?v=mM7O4ZHJotA,3.3M views,5 years ago
KENDALL JENNER Natural Glowy Glam Makeup Tutorial,https://www.youtube.com/watch?v=lNNkLJ1GJoA,1.8M views,5 years ago
JUNE Hits and Oh God NO's 2016,https://www.youtube.com/watch?v=WI9nECI3-88,1.8M views,5 years ago
Sultry Warm-Toned Smokey Eyes feat. MODERN RENAISSANCE Palette,https://www.youtube.com/watch?v=ui4SKUbUKmA,2.1M views,5 years ago
FULL FACE USING ONLY LIQUID LIPSTICKS Challenge | NikkieTutorials,https://www.youtube.com/watch?v=8lPg4Ur4LmM,13M views,5 years ago
PRIDE Tribute Rainbow Eyes Makeup Tutorial,https://www.youtube.com/watch?v=7dPgHTemlqU,2.7M views,5 years ago
MAY Hits and Oh God NO's 2016,https://www.youtube.com/watch?v=8OrOKOlwvqY,2.3M views,5 years ago
KYLIE JENNER (DIY) KYMAJESTY Lipstick Makeup Tutorial,https://www.youtube.com/watch?v=QcqvQ02CHto,3.5M views,5 years ago
FULL FACE USING ONLY HIGHLIGHTERS Challenge | NikkieTutorials,https://www.youtube.com/watch?v=9Uv1RnuyCfY,12M views,5 years ago
Hipster Panda SNAPCHAT Filter Inspired Tutorial,https://www.youtube.com/watch?v=dDbfjL1hocQ,1.1M views,5 years ago
KIM KARDASHIAN Sexy Smokey Eyes Makeup Tutorial,https://www.youtube.com/watch?v=jctXwDyf9CM,1.2M views,5 years ago
How to FAKE a Nose Job! Nose Contouring Tutorial,https://www.youtube.com/watch?v=hpTtLT_OLLw,1.2M views,5 years ago
Wearable GLOWY Soft Glam Makeup Tutorial,https://www.youtube.com/watch?v=W8E1wEqmSPE,1.5M views,5 years ago
Beyonce Inspired LEMONADE Makeup Tutorial,https://www.youtube.com/watch?v=SV1z_HXj3oE,1.4M views,5 years ago
April Hits and Oh God NO's 2016,https://www.youtube.com/watch?v=c-y_cT_4-Sc,1.3M views,5 years ago
Strawberry Eye-Makeup SNAPCHAT Filter Inspired Tutorial,https://www.youtube.com/watch?v=hqdBoqXscpA,1.4M views,5 years ago
BLACK & WHITE Film Noir Makeup Tutorial,https://www.youtube.com/watch?v=j_2OXLfsgc8,3.1M views,5 years ago
EASIEST WAY TO CLEAN YOUR BEAUTY BLENDER!,https://www.youtube.com/watch?v=LjprnnZ5Jro,1.8M views,5 years ago
Glittery-Glam Lion SNAPCHAT Filter Inspired Makeup Tutorial,https://www.youtube.com/watch?v=wSRLeyXw7Es,1.4M views,5 years ago
March Hits and Oh God NO's 2016,https://www.youtube.com/watch?v=EAhX22k89tU,1.9M views,5 years ago
Charlize Theron: The Huntsman - GOLD Smokey Eyes Tutorial,https://www.youtube.com/watch?v=umLjDHXECQA,1.1M views,5 years ago
TAKE HER SWIMMING ON THE FIRST DATE!,https://www.youtube.com/watch?v=RgiDwDVKfm0,8.7M views,5 years ago
GLAM Sparkly Cut Crease Makeup - Matte Nude Lips Tutorial,https://www.youtube.com/watch?v=GAGi9tLMKlo,1.4M views,5 years ago
FIVE MINUTE MAKEUP CHALLENGE ft. Jeffree Star,https://www.youtube.com/watch?v=u9C-wFCaYwE,8.3M views,5 years ago
SEXY Warm-Toned Sparkly Smokey Eyes + GLOWY Skin Makeup,https://www.youtube.com/watch?v=JmWDlPKfW30,1.6M views,5 years ago
BLUE Lipstick + GLOWY Glam Cut-Crease Makeup,https://www.youtube.com/watch?v=BnECOPsnm7I,1.4M views,6 years ago
GOLD Cut Crease - Seductive Vampy Lips Makeup,https://www.youtube.com/watch?v=tBwGgLfUoY0,1.2M views,6 years ago
"RIHANNA Inspired ""Work"" Makeup Tutorial",https://www.youtube.com/watch?v=bZgQhaVyQ-0,1.8M views,6 years ago
February Hits and Oh God NO's 2016,https://www.youtube.com/watch?v=JIQAD1OLOUc,972K views,6 years ago
ADELE Classic Glam 2016 BRIT Awards Inspired Makeup Tutorial,https://www.youtube.com/watch?v=AGVptpTWjO0,3.4M views,6 years ago
DOING MISS NETHERLANDS' MAKEUP! Miss Universe | GLAMFORMATIONS #3,https://www.youtube.com/watch?v=0WVLxJMJvfc,2.5M views,6 years ago
GIGI HADID Sexy Smokey Eyes Tutorial - MannyMua x Makeup Geek Palette,https://www.youtube.com/watch?v=vwekgIYucco,1.3M views,6 years ago
CONTOUR LIKE AN INSTAGRAM PRO!,https://www.youtube.com/watch?v=sjT7asVL7JI,10M views,6 years ago
LADY GAGA Super Bowl 50 Inspired Makeup Tutorial,https://www.youtube.com/watch?v=KYDhr80qVZU,1M views,6 years ago
Soft Valentine's Day Makeup - Pink Liner & Matte Red Lips,https://www.youtube.com/watch?v=jKLAonhfZL8,894K views,6 years ago
January Hits and Oh God NO's 2016,https://www.youtube.com/watch?v=e3FKdf1gF1k,941K views,6 years ago
BEYONCE Inspired - Hymn For The Weekend Makeup Tutorial,https://www.youtube.com/watch?v=_GVqIrFz5iU,1.2M views,6 years ago
Side by Side + Miss Fame!,https://www.youtube.com/watch?v=zBJUk0Bo_CI,5.3M views,6 years ago
NICKI MINAJ Inspired Bold Winged Liner & Glitter Makeup,https://www.youtube.com/watch?v=XSotfLBHT5s,1.2M views,6 years ago
SKINCARE ROUTINE 2016,https://www.youtube.com/watch?v=o3YNmTJ6LIc,1.3M views,6 years ago
2015 TOP Hits and Oh God NO's,https://www.youtube.com/watch?v=rrt4Py03qvM,2.2M views,6 years ago
LAVENDER SPARKLE Smokey Eyes + GLOWY Skin Makeup,https://www.youtube.com/watch?v=kVpoy9VA4A0,1M views,6 years ago
BOYFRIEND DOES MY MAKEUP | NikkieTutorials,https://www.youtube.com/watch?v=1lacilKXHRs,11M views,6 years ago
Gold Smokey Eyes - Classic Red Lips | Holiday Glam Makeup,https://www.youtube.com/watch?v=zDat0nMWhlo,1.5M views,6 years ago
DOING KAT VON D'S MAKEUP! | GLAMFORMATIONS #2,https://www.youtube.com/watch?v=8V-5ck72ihA,7.6M views,6 years ago
Glittery Double Cut Crease & Purple Lips Holiday Makeup,https://www.youtube.com/watch?v=QMQROHttcrc,907K views,6 years ago
Soft Glittery LUMINOUS Glam Holiday Makeup,https://www.youtube.com/watch?v=Lxvgzzj5tWA,1.8M views,6 years ago
Barbie Doll GLAM & GLOWY Skin Holiday Makeup,https://www.youtube.com/watch?v=eOA7fbLcShY,1.3M views,6 years ago
Extreme Cat Eyes & CHOCOLATE Lips Glam Holiday Makeup,https://www.youtube.com/watch?v=MxnS90AtRLQ,3.8M views,6 years ago
PURPLE Holiday Glam Makeup Tutorial,https://www.youtube.com/watch?v=x3eAFqcGz2Q,710K views,6 years ago
KATY PERRY Inspired H&M Commercial Makeup Tutorial,https://www.youtube.com/watch?v=1l0BFwKN5S4,668K views,6 years ago
November Hits and Oh God NOâ€™s 2015,https://www.youtube.com/watch?v=tFiB1iQwc-s,676K views,6 years ago
SELENA GOMEZ 2015 AMAs Inspired Makeup Tutorial,https://www.youtube.com/watch?v=MM0ZtArcR6g,677K views,6 years ago
ADELE Inspired Makeup Tutorial | NikkieTutorials,https://www.youtube.com/watch?v=5uH9joXctSg,2.3M views,6 years ago
October Hits and Oh God NOâ€™s 2015,https://www.youtube.com/watch?v=LE20_0Z1py4,587K views,6 years ago
How to Curl Your Lashes The BEST Way!,https://www.youtube.com/watch?v=8gAZnIsZKuw,1.4M views,6 years ago
Side by Side + Jeffree Star!,https://www.youtube.com/watch?v=cV2WZfLYh4k,9.5M views,6 years ago
THE 7 SECOND CHALLENGE vs. Danielle Mansutti!,https://www.youtube.com/watch?v=bi8vmxpyjAU,459K views,6 years ago
"MASSIVE LA HAUL! Lorac, Too Faced and more!",https://www.youtube.com/watch?v=wUl7OVd7mVk,412K views,6 years ago
Lady Gaga / The Countess Makeup Tutorial - AHS Hotel,https://www.youtube.com/watch?v=1XBqVooYF7M,583K views,6 years ago
QUEEN OF THE DEAD / Halloween Makeup Tutorial,https://www.youtube.com/watch?v=AdDHoHelhpQ,1M views,6 years ago
Side by Side + Desi Perkins!,https://www.youtube.com/watch?v=mJ5xBaG_MHk,2.1M views,6 years ago
September Hits and Oh God NOâ€™s 2015,https://www.youtube.com/watch?v=6MEvEFAMfi8,630K views,6 years ago
LANA DEL REY Inspired Hair and Makeup Tutorial,https://www.youtube.com/watch?v=xiOdddQeVJA,815K views,6 years ago
NO MIRROR MAKEUP CHALLENGE!,https://www.youtube.com/watch?v=s8mmyuBg3iY,10M views,6 years ago
Taylor Swift Inspired - Wildest Dreams Makeup Tutorial,https://www.youtube.com/watch?v=y4fDp6TfLL0,872K views,6 years ago
"SNAPCHAT Q&A: Huda Beauty, Getting Married & MORE!",https://www.youtube.com/watch?v=KmZZGfntdQw,318K views,6 years ago
Side by Side + Huda Beauty!,https://www.youtube.com/watch?v=ZEbWtq1mkYs,3.5M views,6 years ago
August Hits and Oh God NOâ€™s 2015,https://www.youtube.com/watch?v=ubIOFMIDKxI,510K views,6 years ago
PALE SKIN - How to Contour & Highlight,https://www.youtube.com/watch?v=xUYAAlkmAfY,1.6M views,6 years ago
PERRIE EDWARDS Inspired Fresh/Nude Glam - Glowy Skin Makeup!,https://www.youtube.com/watch?v=qs8lH3PYna8,2.4M views,6 years ago
EASY + AFFORDABLE Back to School Makeup!,https://www.youtube.com/watch?v=B8hfAoh4yxk,2.1M views,6 years ago
Side by Side + Chloe Morello!,https://www.youtube.com/watch?v=w12kbScuayI,3M views,6 years ago
RiRi by Rihanna Inspired Pink Cut-Crease Makeup,https://www.youtube.com/watch?v=53Jcnrq29pw,636K views,6 years ago
July Hits and Oh God NOâ€™s 2015,https://www.youtube.com/watch?v=-4_PYC8msYU,602K views,6 years ago
KYLIE JENNER Makeup Tutorial!,https://www.youtube.com/watch?v=WZhRNjcoHvY,6M views,6 years ago
MY LIP INJECTIONS | Q&A!,https://www.youtube.com/watch?v=71jTGVqzpGs,4M views,6 years ago
Demi Lovato Inspired - Cool for the Summer Makeup Tutorial,https://www.youtube.com/watch?v=oFsBwJttsAM,679K views,6 years ago
"SNAPCHAT Q&A: My Boyfriend, Having Babies & MORE!",https://www.youtube.com/watch?v=YZ5tsvoQ3AE,625K views,6 years ago
Rihanna - B*tch Better Have My Money - Makeup Tutorial,https://www.youtube.com/watch?v=_2iMXjj8u9g,714K views,6 years ago
Sparkly Taupe and Purple Smokey Eyes - Greige Lips Look,https://www.youtube.com/watch?v=NqEMpabOzdM,438K views,6 years ago
HOW TO REMOVE MAKEUP STAINS!,https://www.youtube.com/watch?v=pULGklWTHSc,377K views,6 years ago
June Hits and Oh God NOâ€™s 2015,https://www.youtube.com/watch?v=ciPo9_2iQZA,512K views,6 years ago
Glittery Peach Summer Eyes with RAINBOW Liner!,https://www.youtube.com/watch?v=IqMjuDyyTTc,580K views,6 years ago
MINIONS Yellow Cut Crease Makeup with Nude Lips,https://www.youtube.com/watch?v=iEaOyG7yFxA,823K views,6 years ago
STROBING Tutorial,https://www.youtube.com/watch?v=l6py7tnGI3E,983K views,6 years ago
Taupe Smokey Eye with Teal Wing â‹† Summer Party Makeup,https://www.youtube.com/watch?v=fXMGO9hWcGc,719K views,6 years ago
"HUGE MAKEUP HAUL â‹† Sephora, Kat von D, Morphe & More!",https://www.youtube.com/watch?v=GxpKNa8d1PA,464K views,6 years ago
EYEBROW TUTORIAL,https://www.youtube.com/watch?v=So4h0B40FPw,3.1M views,6 years ago
ONE MILLION SUBSCRIBERS! - FLASHBACKS!,https://www.youtube.com/watch?v=AuaDNbuza0o,356K views,6 years ago
How to Apply Liquid Lipstick Like a PRO!,https://www.youtube.com/watch?v=QalDK41iJUU,6.3M views,6 years ago
Sparkly Double Winged Glam - Summer Barbie Makeup,https://www.youtube.com/watch?v=gBsdBGF-9Vw,654K views,6 years ago
May Hits and Oh God NOâ€™s 2015,https://www.youtube.com/watch?v=blLp7mbBoTw,417K views,6 years ago
Berry/Pink Smokey Eye Tutorial - Vampy Lips,https://www.youtube.com/watch?v=urPhN1H9p7U,473K views,6 years ago
Taylor Swift Inspired - Bad Blood Makeup Tutorial,https://www.youtube.com/watch?v=XWDn7li2Lyw,707K views,6 years ago
BeyoncÃ© - Feeling Myself Makeup Tutorial,https://www.youtube.com/watch?v=onwVXQCE9wE,825K views,6 years ago
Britney Spears - Pretty Girls Makeup Tutorial,https://www.youtube.com/watch?v=IE0AdyWEn3w,327K views,6 years ago
Electric OmbrÃ© Liner Eye Makeup Look,https://www.youtube.com/watch?v=jMUP-ru3EK8,350K views,6 years ago
How to get GLOWY Skin!,https://www.youtube.com/watch?v=T7KIpLbcjok,1.5M views,6 years ago
The Power of MAKEUP!,https://www.youtube.com/watch?v=a4Ov8qvZ2_w,42M views,6 years ago
GIGI HADID Met Gala 2015 - PROM Makeup Tutorial,https://www.youtube.com/watch?v=BLV43T0bLTU,419K views,6 years ago
Jessie J - Flashlight Inspired Makeup Tutorial,https://www.youtube.com/watch?v=zKkV_WkPsFI,274K views,6 years ago
April Hits and Oh God NOâ€™s 2015,https://www.youtube.com/watch?v=w7izJRykUbw,424K views,6 years ago
KYLIE JENNER LIP CHALLENGE!,https://www.youtube.com/watch?v=lvgmTaWF5L0,5.5M views,6 years ago
Glitter Cut Crease - Hot Pink Lips Makeup Look,https://www.youtube.com/watch?v=pixlAJcU6_M,347K views,6 years ago
Warm Toned Smokey Eyes (King's Day) Makeup Tutorial,https://www.youtube.com/watch?v=Do9t7akry1A,223K views,6 years ago
Jennifer Lopez - Feel the Light â‹† AMERICAN IDOL Makeup Tutorial,https://www.youtube.com/watch?v=AbgJ0qKjwPw,228K views,6 years ago
Bronzed Glitter Smokey Eyes - Vampy Lips Makeup,https://www.youtube.com/watch?v=lveylwiJZVM,479K views,6 years ago
Cat Eye Makeup Tutorial,https://www.youtube.com/watch?v=f6F2rXpb-y0,1M views,6 years ago
Edgy Flapper Girl Makeup Tutorial âˆ™ RuPaul's Drag Race Series,https://www.youtube.com/watch?v=IpoUjFgc-2g,196K views,6 years ago
March Hits and Oh God NOâ€™s 2015,https://www.youtube.com/watch?v=7kimP_1Pl4o,371K views,6 years ago
Vintage Glam PROM Makeup Tutorial âˆ™ RuPaul Inspired,https://www.youtube.com/watch?v=PfnZXr4ssaE,2.1M views,6 years ago
TAKE YOUR MAKEUP TO THE NEXT LEVEL!,https://www.youtube.com/watch?v=M0DLmiyHyWQ,7.2M views,6 years ago
Glowy Daytime Glam Makeup + Hair Tutorial,https://www.youtube.com/watch?v=iIyABh_w1R8,2.1M views,6 years ago
GREEN Spring Makeup â˜† RuPaul's Drag Race Inspired,https://www.youtube.com/watch?v=MHNILqi1Lck,467K views,6 years ago
Sexy Smokey Eyes Makeup Tutorial,https://www.youtube.com/watch?v=Hhz2mkfKwqI,369K views,6 years ago
Miss Fame Inspired Makeup Tutorial â˜† RuPaul's Drag Race,https://www.youtube.com/watch?v=oGA3T2Lg-MA,305K views,6 years ago
How to Contour & Highlight,https://www.youtube.com/watch?v=fUgxlywvVHc,5.8M views,7 years ago
Violet Chachki Inspired Makeup Tutorial â˜† RuPaul's Drag Race,https://www.youtube.com/watch?v=eHcsqEFA-L4,346K views,7 years ago
"Q&A: Near Death Experience, Life Outside YouTube & MORE!",https://www.youtube.com/watch?v=FCm_-Ijhylc,237K views,7 years ago
Pearl Inspired Makeup Tutorial â˜† RuPaul's Drag Race,https://www.youtube.com/watch?v=oWmqlIIh8pQ,550K views,7 years ago
February Hits and Oh God NOâ€™s 2015,https://www.youtube.com/watch?v=wIaIcrJu0vo,263K views,7 years ago
How to: STOP Concealer from Creasing Vol. 2,https://www.youtube.com/watch?v=XVEDymPk7-4,1.3M views,7 years ago
Kim Kardashian 2015 Grammys Inspired Makeup Tutorial,https://www.youtube.com/watch?v=vgNkq6fc2x0,286K views,7 years ago
Gwen Stefani 2015 Grammys Makeup Tutorial,https://www.youtube.com/watch?v=TVgNw-oG_9M,262K views,7 years ago
Lady Gaga 2015 Grammys Makeup Tutorial,https://www.youtube.com/watch?v=R4qYGkSLJPk,206K views,7 years ago
Mila Kunis in Jupiter Ascending Makeup Tutorial,https://www.youtube.com/watch?v=aBhq3GNG_yg,281K views,7 years ago
January Hits and Oh God NOâ€™s 2015,https://www.youtube.com/watch?v=UG7joHq0lSU,280K views,7 years ago
Katy Perry Super Bowl 2015 Halftime Show Makeup Tutorial,https://www.youtube.com/watch?v=YbBngpu3DnQ,204K views,7 years ago
Rihanna Inspired Grunge Makeup Tutorial,https://www.youtube.com/watch?v=CbvZsz6LBmM,323K views,7 years ago
"HUGE MAKEUP HAUL â‹† Sephora, Kat von D, MAC & More!",https://www.youtube.com/watch?v=ucLtRshMQ9s,259K views,7 years ago
MAC Viva Glam x Miley Cyrus Makeup Tutorial,https://www.youtube.com/watch?v=c9gM60wjQKA,375K views,7 years ago
Jennifer Lopez 2015 Golden Globes Makeup Tutorial,https://www.youtube.com/watch?v=JZ0mJusGr60,260K views,7 years ago
How to: STOP Concealer from Creasing!,https://www.youtube.com/watch?v=wGxm4eBmg4M,3.6M views,7 years ago
KhloÃ© Kardashian Cosmopolitan Makeup Tutorial,https://www.youtube.com/watch?v=q275RU9MYm8,983K views,7 years ago
2014 Top Hits and Oh God NO's,https://www.youtube.com/watch?v=MdjMO3kMeUI,367K views,7 years ago
December Hits and Oh God NO's 2014,https://www.youtube.com/watch?v=VTHPMP-b4_4,224K views,7 years ago
Fantasy Elf Makeup Look,https://www.youtube.com/watch?v=6ZpXyLyyxGo,184K views,7 years ago
Easy Holiday Hair Tutorial,https://www.youtube.com/watch?v=HvxyBgdPPiU,113K views,7 years ago
The Hunger Games Inspired Makeup Tutorial,https://www.youtube.com/watch?v=jRjnDfhitPw,285K views,7 years ago
New Year's Eve Makeup Tutorial,https://www.youtube.com/watch?v=_rCaK2rYdNU,364K views,7 years ago
Makeup Geek FOILED Eyeshadows / Review & Swatches!,https://www.youtube.com/watch?v=rErOiIUR-04,194K views,7 years ago
Gisele BÃ¼ndchen Inspired Makeup Tutorial,https://www.youtube.com/watch?v=njIWLSMbHxw,140K views,7 years ago
Taylor Swift - Blank Space Makeup Tutorial,https://www.youtube.com/watch?v=fcvzEIq17X4,633K views,7 years ago
BIG ANNOUNCEMENT!,https://www.youtube.com/watch?v=459LXmKmH-w,116K views,7 years ago
Soft Glam Holiday Makeup Tutorial | NikkieTutorials,https://www.youtube.com/watch?v=Jj7bOsivmvo,254K views,7 years ago
November Hits and Oh God Noâ€™s 2014! | NikkieTutorials,https://www.youtube.com/watch?v=4vIVPbyhrP8,163K views,7 years ago
Thanksgiving Makeup Tutorial â‹† Hollywood Glam | NikkieTutorials,https://www.youtube.com/watch?v=l9dCKAaGVRA,450K views,7 years ago
Vampy Vixen âˆ† Fall Makeup Look,https://www.youtube.com/watch?v=Df9uuk0OZ2o,159K views,7 years ago
October Hits and Oh God Noâ€™s 2014!,https://www.youtube.com/watch?v=uQb0orBLayE,144K views,7 years ago
Diva Gone Mad â‹† Halloween Makeup Tutorial,https://www.youtube.com/watch?v=9HsylimckYw,341K views,7 years ago
Creepy Clown â‹† Halloween Makeup Tutorial,https://www.youtube.com/watch?v=KEQGjAyfCQo,1M views,7 years ago
Blake Lively Inspired Makeup Tutorial,https://www.youtube.com/watch?v=P71ssbwrtRg,420K views,7 years ago
"Quitting YouTube, Secrets & YouTube Crush? â‹† The Secret Diary of a YouTuber TAG!",https://www.youtube.com/watch?v=H_65FwyYTgo,138K views,7 years ago
Adore Delano â‹† Bratz Doll Halloween Makeup Tutorial,https://www.youtube.com/watch?v=CqoMsZZumdk,623K views,7 years ago
Jennifer Lopez - Booty ft. Iggy Azalea Makeup Tutorial,https://www.youtube.com/watch?v=OYTeFQ92WjQ,427K views,7 years ago
Taylor Swift - Shake It Off Makeup Tutorial,https://www.youtube.com/watch?v=_m6lWHSzWo0,203K views,7 years ago
Arabian Nights Smokey Eyes | The Makeup Buzz TAG!,https://www.youtube.com/watch?v=iyRXWEXl340,383K views,7 years ago
HUGE Makeup Haul!,https://www.youtube.com/watch?v=G10ukUjDjrU,174K views,7 years ago
September Hits and Oh God Noâ€™s 2014!,https://www.youtube.com/watch?v=1KP5yLH5Yws,134K views,7 years ago
Vampy Dark Lips âˆ† Fall Makeup Look,https://www.youtube.com/watch?v=RaGKskQai7g,422K views,7 years ago
"Fall Makeup Look: Sexy, Smokey & Smoldering",https://www.youtube.com/watch?v=psZ-uidsoWQ,233K views,7 years ago
Iggy Azalea - Black Widow Makeup Tutorial,https://www.youtube.com/watch?v=5pQ92eE1zaA,419K views,7 years ago
RAINBOW EYES âˆ† Makeup Tutorial,https://www.youtube.com/watch?v=plQQiUQUr50,198K views,7 years ago
MAC Viva Glam Rihanna 2 âˆ† Makeup Tutorial,https://www.youtube.com/watch?v=SIWELIfMiNU,192K views,7 years ago
Charli XCX Inspired Makeup Tutorial,https://www.youtube.com/watch?v=9zdtVy-E81Q,178K views,7 years ago
August Hits and Oh God Noâ€™s 2014!,https://www.youtube.com/watch?v=4whPs38rpoQ,206K views,7 years ago
Nicki Minaj - Anaconda Makeup Tutorial,https://www.youtube.com/watch?v=3WDUqVuFOEY,854K views,7 years ago
Back to School Makeup Tutorial (Talk through),https://www.youtube.com/watch?v=mQK6ZLYH_w8,1M views,7 years ago
Paris Hilton - Come Alive Makeup Tutorial,https://www.youtube.com/watch?v=MvoO2aup1eA,136K views,7 years ago
â™¡ Chit Chat Sephora & MAC Haul! â™¡,https://www.youtube.com/watch?v=2EFalNZBbKY,114K views,7 years ago
Ariana Grande - Break Free (Official) Inspired Makeup Tutorial,https://www.youtube.com/watch?v=Q6x53dtH928,302K views,7 years ago
Peggy Moffitt Makeup Tutorial â‹† Collab with Desi Perkins,https://www.youtube.com/watch?v=HE4PzesJ9Us,121K views,7 years ago
Christina Perri â€“ Burning Gold (Official Video) Inspired Makeup Tutorial,https://www.youtube.com/watch?v=cRXVi4xYacQ,93K views,7 years ago
Katy Perry - This Is How We Do (Official) Inspired Makeup Tutorial,https://www.youtube.com/watch?v=h2EM6Wxygu4,210K views,7 years ago
First Impression Review â‹† NARS Pure Radiant Tinted Moisturizer,https://www.youtube.com/watch?v=6i-VzFbmHYc,658K views,7 years ago
July Hits and Oh God Noâ€™s 2014!,https://www.youtube.com/watch?v=CH53CExo2Jk,164K views,7 years ago
Ariana Grande - Problem Inspired Makeup Tutorial,https://www.youtube.com/watch?v=KhHlWb6v_B4,465K views,7 years ago
Get Ready With Me â™¡ Bianca del Rio Show âˆ™ Sultry Eyes with Golden Hearts Makeup!,https://www.youtube.com/watch?v=iNTEKGKcIT4,186K views,7 years ago
Summer Sunset Smokey Cat Eyes âˆ™ Makeup Tutorial,https://www.youtube.com/watch?v=khfTzkcNbQQ,265K views,7 years ago
Lip Product Addict TAG! â™¡,https://www.youtube.com/watch?v=9doaizNFhaE,165K views,7 years ago
"""Techno Butterfly"" âˆ™ Christian Dior - Spring/Summer 2013 Makeup Tutorial",https://www.youtube.com/watch?v=Yjt98j5Rh3Q,167K views,7 years ago
Miranda Lambert ft. Carrie Underwood - Somethin' Bad âˆ™ Makeup Tutorial,https://www.youtube.com/watch?v=w3Alh8aKYIs,172K views,7 years ago
Fresh and Flirty Everyday Natural Makeup Tutorial,https://www.youtube.com/watch?v=g-4uC3mduFc,2.3M views,7 years ago
First Impression Review âˆ™ L'OrÃ©al Nude Magique Eau de Teint Foundation,https://www.youtube.com/watch?v=7-nR05APbc4,259K views,7 years ago
Rihanna of Arabia Harper's Bazaar Cover Makeup Tutorial,https://www.youtube.com/watch?v=5uQcu1yaHHI,202K views,7 years ago
June Hits and Oh God No's 2014!,https://www.youtube.com/watch?v=ZYpYiKyR2h8,108K views,7 years ago
MAC x Kelly Osbourne Collection Makeup Tutorial,https://www.youtube.com/watch?v=MHsmQ1fDTfE,162K views,7 years ago
â™¡ I'M A COVERGIRL?! â™¡,https://www.youtube.com/watch?v=Mk57eS7VLgI,87K views,7 years ago
Chanel Cruise 2014/15 Show Makeup Tutorial,https://www.youtube.com/watch?v=kPJl6nVWAZE,80K views,7 years ago
Angelic Pop of Periwinkle Makeup Tutorial,https://www.youtube.com/watch?v=xxuDW2s2Cc8,95K views,7 years ago
Cheryl Cole - Crazy Stupid Love Inspired Makeup Tutorial,https://www.youtube.com/watch?v=2pETMMFc_Pg,140K views,7 years ago
Rihanna 2014 CFDA Awards Makeup Tutorial,https://www.youtube.com/watch?v=5la0o--S0DA,226K views,7 years ago
How to get Perfect Brows! âˆ™ Updated Brow Routine,https://www.youtube.com/watch?v=9US6pIRPcgo,721K views,7 years ago
"BIG Makeup Haul âˆ™ NYX, MAC, Bobbi Brown & More!",https://www.youtube.com/watch?v=f5TkIS0LQU8,133K views,7 years ago
Elle Fanning Maleficent Red Carpet Makeup Tutorial,https://www.youtube.com/watch?v=kTETRAxkqTI,123K views,7 years ago
May Hits and Oh God No's 2014!,https://www.youtube.com/watch?v=PAVONBZZCc0,133K views,7 years ago
Review âˆ™ Benefit They're Real! Push-up Liner,https://www.youtube.com/watch?v=XucFrIU9VJo,198K views,7 years ago
Disney's Maleficent Inspired Makeup Tutorial,https://www.youtube.com/watch?v=dpt69FC8SVI,248K views,7 years ago
The Easiest Way to Apply False Lashes!,https://www.youtube.com/watch?v=TA3eC6PcvqY,678K views,7 years ago
Color Crazy 1980's Makeup Tutorial,https://www.youtube.com/watch?v=XIbhoWaIxcc,237K views,7 years ago
Modern Roaring 20s Dior Inspired Makeup Tutorial,https://www.youtube.com/watch?v=v6gUlLpalXU,101K views,7 years ago
BeyoncÃ© - Pretty Hurts Inspired Makeup Tutorial,https://www.youtube.com/watch?v=gvHF4TA4IF8,159K views,7 years ago
Kylie Jenner Inspired Makeup Tutorial,https://www.youtube.com/watch?v=rQ9pZNuxCqI,915K views,7 years ago
Sultry Winged Eyes with a Pop of Blue! âˆ™ Tutorial Inspired by Shaaanxo,https://www.youtube.com/watch?v=hKaAtllJ8Aw,133K views,7 years ago
April Hits and Oh God No's 2014!,https://www.youtube.com/watch?v=lutSXiYbZG4,130K views,7 years ago
Picture Perfect for Prom: Colored Glamour âˆ™ Makeup Tutorial,https://www.youtube.com/watch?v=1R6LlDLs4a0,312K views,7 years ago
Colorful Spring Makeup Tutorial âˆ™ Collab with Chloe Morello!,https://www.youtube.com/watch?v=GLQSnrqNAfk,97K views,7 years ago
Hot Orange King's Day/Koningsdag Makeup Tutorial,https://www.youtube.com/watch?v=4zIc_lLyp6g,105K views,7 years ago
How to Contour Your Nose Like a PRO! âˆ™ 101,https://www.youtube.com/watch?v=gVMSp9xJsFY,425K views,7 years ago
Soft Copper Sparkles & Purple Lips âˆ™ Makeup Tutorial!,https://www.youtube.com/watch?v=luG1w_niD-s,164K views,7 years ago
MAC & KIKO Haul! â™¡,https://www.youtube.com/watch?v=8RfVE0m6gGQ,325K views,7 years ago
March Hits and Oh God No's 2014!,https://www.youtube.com/watch?v=DIT0ZUqAnZA,117K views,7 years ago
Lady Gaga - G.U.Y. âˆ™ Inspired Makeup Tutorial II,https://www.youtube.com/watch?v=vW_e_DEvcsg,115K views,7 years ago
Lady Gaga - G.U.Y. âˆ™ Inspired Makeup Tutorial,https://www.youtube.com/watch?v=Kw5W0cgjkfY,186K views,7 years ago
Jennifer Lopez - I Luh Ya Papi âˆ™ Inspired Makeup Tutorial,https://www.youtube.com/watch?v=5THD27C2iGc,127K views,7 years ago
"Vlog & Haul: San Francisco, baby!",https://www.youtube.com/watch?v=uOqJn1U-gNs,77K views,8 years ago
KhloÃ© Kardashian 2014 Oscars Party âˆ™ Inspired Makeup Tutorial,https://www.youtube.com/watch?v=U_qSPbAq9R4,178K views,8 years ago
The Princess TAG âˆ™ Favorite Luxury Beauty Products,https://www.youtube.com/watch?v=H1l7eVepxqo,219K views,8 years ago
February Hits and Oh God No's 2014!,https://www.youtube.com/watch?v=WAB0cKGmnr8,140K views,8 years ago
Colorful Pin Up Makeup Tutorial,https://www.youtube.com/watch?v=7HYxDUfS7R4,1M views,8 years ago
Katy Perry - Dark Horse âˆ™ Inspired Makeup Tutorial,https://www.youtube.com/watch?v=xSQjFep-bw0,426K views,8 years ago
"Paris Haul: Sephora, KIKO & More!",https://www.youtube.com/watch?v=tpURHUeR67Y,125K views,8 years ago
How to get Perfect Glowy Skin with Concealer,https://www.youtube.com/watch?v=_ZcwgUtHdHc,636K views,8 years ago
Bright & Easy Valentine's Day Makeup Tutorial,https://www.youtube.com/watch?v=zTZCkrq8tM8,127K views,8 years ago
TMI Tag!,https://www.youtube.com/watch?v=EOYgf8LPP3c,456K views,8 years ago
Demi Lovato - Neon Lights âˆ™ Inspired Makeup Tutorial,https://www.youtube.com/watch?v=6orxmVBhzHc,176K views,8 years ago
January Hits and Oh God No's 2014!,https://www.youtube.com/watch?v=Rr_NZuuN0B0,89K views,8 years ago
Rita Ora Grammys 2014 Inspired Makeup Tutorial,https://www.youtube.com/watch?v=ThT-B8J_pFk,97K views,8 years ago
Disney's Frozen âˆ™ Elsa Inspired Makeup Tutorial,https://www.youtube.com/watch?v=Jv9yMHzxvbM,902K views,8 years ago
Smokey Sparkles & Denim Blue Liner âˆ™ Collab with Chloe Morello!,https://www.youtube.com/watch?v=mlPRhOQYPw0,191K views,8 years ago
"Vlog: New Background Lights, Leaving my Agency & More!",https://www.youtube.com/watch?v=NSEjfBCTH_U,125K views,8 years ago
HUGE Yankee Candle Haul!,https://www.youtube.com/watch?v=FYavWUHOmes,58K views,8 years ago
"Behind the Scenes âˆ™ Fashionmilk ""Sterrenmeisjes"" Shoot â˜†",https://www.youtube.com/watch?v=4g0WRg5aht8,42K views,8 years ago
How to Apply Lipstick Like a PRO âˆ™ 101,https://www.youtube.com/watch?v=aB60a7FCX7I,7.3M views,8 years ago
Lorde - Team âˆ™ Inspired Makeup Tutorial,https://www.youtube.com/watch?v=WOhAkFVT3Yo,132K views,8 years ago
December Hits and Oh God NO's!,https://www.youtube.com/watch?v=xa8M3zuhG68,75K views,8 years ago
Lily Allen - Hard Out Here âˆ™ Makeup Tutorial,https://www.youtube.com/watch?v=E2EipOxcD-Q,73K views,8 years ago
The Resolutions TAG!,https://www.youtube.com/watch?v=bdZapEfJ1As,42K views,8 years ago
BeyoncÃ© - Mine âˆ™ Inspired Makeup Tutorial,https://www.youtube.com/watch?v=3ZN5hnvZz-o,160K views,8 years ago
Edgy/Glamorous Cat Eyes for the Holidays âˆ™ Makeup Tutorial,https://www.youtube.com/watch?v=h7hL0zTXnhU,192K views,8 years ago
The Ultimate Beauty Challenge TAG!,https://www.youtube.com/watch?v=UdRv-LtJpQQ,416K views,8 years ago
Iggy Azalea - Change Your Life â™¡ Makeup Tutorial,https://www.youtube.com/watch?v=DXCJu42HZAQ,101K views,8 years ago
November Hits and Oh God NO's!,https://www.youtube.com/watch?v=vFuP-6Klsng,80K views,8 years ago
The Perfect Palette Tag!,https://www.youtube.com/watch?v=4mat6reAIBc,175K views,8 years ago
October Hits and Oh God NO's!,https://www.youtube.com/watch?v=BxZgt-9VQa0,93K views,8 years ago
Behind the Scenes at Photoshoot with Melissa Koole,https://www.youtube.com/watch?v=NPfLYDQ42XE,54K views,8 years ago
Halloween: The Sad Clown Makeup Tutorial,https://www.youtube.com/watch?v=veN0EjVoppE,297K views,8 years ago
Halloween: Plastic Fantastic Makeup Tutorial,https://www.youtube.com/watch?v=fJ81BqT5de8,422K views,8 years ago
September Hits and Oh God NO's!,https://www.youtube.com/watch?v=-mhkTPDc9ew,78K views,8 years ago
Primark Haul! â™¡,https://www.youtube.com/watch?v=KBnGXUzuGiA,102K views,8 years ago
Lady Gaga - Applause Makeup Tutorial â™¡ Glowing Princess,https://www.youtube.com/watch?v=209c8E47SNM,99K views,8 years ago
Lady Gaga - Applause Makeup Tutorial â™¡ Natural with an Edge,https://www.youtube.com/watch?v=tCptYtMqw88,151K views,8 years ago
Lady Gaga - Applause Makeup Tutorial â™¡ Dark Clown,https://www.youtube.com/watch?v=YFJTDhz6AUQ,145K views,8 years ago
August Hits and Oh God NO's!,https://www.youtube.com/watch?v=JWFnh0zlCV0,78K views,8 years ago
Three Minute Makeup Challenge!,https://www.youtube.com/watch?v=GuD9HcORpy4,3.5M views,8 years ago
"Vlog: Tailbone Terrors, New Adventures & Lip Injections!",https://www.youtube.com/watch?v=kmZnYUjn8-o,92K views,8 years ago
"How to get Lavender, Pastel Lilac Hair â™¡",https://www.youtube.com/watch?v=BY91gm1X0qY,204K views,8 years ago
Demi Lovato Bright Smokey Eyes â™¡ Makeup Tutorial,https://www.youtube.com/watch?v=V6EJjwGkkDw,95K views,8 years ago
July Hits and Oh God NO's!,https://www.youtube.com/watch?v=XnGSUMTkHpU,113K views,8 years ago
Selena Gomez - Come & Get It â™¡ Makeup Tutorial,https://www.youtube.com/watch?v=nmRt0hQkXhk,230K views,8 years ago
IMPORTANT MESSAGE ABOUT MY GIVEAWAY!,https://www.youtube.com/watch?v=AeTslmrQ6aQ,74K views,8 years ago
"GIVEAWAY: Boohoo, MAC & Kardashian Beauty",https://www.youtube.com/watch?v=GWT8bBSx6ls,39K views,8 years ago
TOP 10 Summer Essentials,https://www.youtube.com/watch?v=YJl8j-Poa8A,81K views,8 years ago
4th of July Makeup Tutorial,https://www.youtube.com/watch?v=17Hu80kUp3c,189K views,8 years ago
June Hits and Oh God NO's!,https://www.youtube.com/watch?v=HL2p_PQI4H8,83K views,8 years ago
"Antwerp Haul: Chanel, Forever 21, BlackMilk & More!",https://www.youtube.com/watch?v=2FgC5bUOUds,49K views,8 years ago
Colors of the Rainbow TAG!,https://www.youtube.com/watch?v=PE1lTJuzqBc,66K views,8 years ago
Ke$ha - Crazy Kids ft. will.i.am - Inspired Makeup Tutorial,https://www.youtube.com/watch?v=P1OvS2NfhSc,113K views,8 years ago
May Hits and Oh God NO's!,https://www.youtube.com/watch?v=9cpExFaWV-M,166K views,8 years ago
Agnes Carlsson Eurovision 2013 Performance - Makeup Tutorial,https://www.youtube.com/watch?v=9q0Vv77FGkc,70K views,8 years ago
Lana Del Rey - Young and Beautiful - Makeup Tutorial,https://www.youtube.com/watch?v=b75NIGTMrUM,182K views,8 years ago
My Favorite Filter Apps! - What's on my iPhone?,https://www.youtube.com/watch?v=psS7_8DY9gg,124K views,8 years ago
"M.A.C ""RiRi Woo"" Lipstick: Review & Swatches",https://www.youtube.com/watch?v=aEOlkeM0MOE,111K views,8 years ago
April Hits and Oh God NO's!,https://www.youtube.com/watch?v=gFbzS3bwmMU,87K views,8 years ago
"Q&A #1: Guilty Pleasures, Future Plans & My Accent!",https://www.youtube.com/watch?v=6munnxO11Fo,469K views,8 years ago
"The Hunger Games: ""Catching Fire"" - Katniss Everdeen Inspired Makeup Tutorial",https://www.youtube.com/watch?v=Ga_u6Dak4Dk,191K views,8 years ago
Fancy Some Eyeliner: Triangle it Up! - Makeup Tutorial,https://www.youtube.com/watch?v=WI5gjdNUTXU,91K views,8 years ago
"The ""This or That: Beauty Edition"" TAG!",https://www.youtube.com/watch?v=S5H6DLd9HE4,72K views,8 years ago
March Hits and Oh God No's!,https://www.youtube.com/watch?v=Y7Cm9r39tF0,100K views,8 years ago
"The ""Beauty Things I Suck At"" TAG!",https://www.youtube.com/watch?v=uP2NTCTTi-o,144K views,8 years ago
Oz: Glinda the Good Witch - Inspired Makeup Tutorial,https://www.youtube.com/watch?v=jI2a0MF9tco,97K views,9 years ago
Kelly Rowland - Kisses Down Low (Makeup Tutorial),https://www.youtube.com/watch?v=cmp8qHvcY2k,104K views,9 years ago
Fancy Some Eyeliner: Retro Future - Makeup Tutorial,https://www.youtube.com/watch?v=i5gfyg8CjAo,94K views,9 years ago
February Hits and Oh God No's!,https://www.youtube.com/watch?v=rNJewLPoXbs,87K views,9 years ago
Rihanna Grammys 2013 Inspired Makeup Tutorial,https://www.youtube.com/watch?v=ibvI2Aeul10,185K views,9 years ago
Quick Tip: The Three Wonders of Hairspray,https://www.youtube.com/watch?v=6nn8QBS_SRY,206K views,9 years ago
A little ROMWE Haul!,https://www.youtube.com/watch?v=y8OUBWYtyDU,64K views,9 years ago
Cute & Easy Polka Dot Nails!,https://www.youtube.com/watch?v=FE7qAHF1HCc,33K views,9 years ago
Natural Glam with a Pop! - Makeup Tutorial,https://www.youtube.com/watch?v=CwtBPbtywKE,141K views,9 years ago
January Hits and Oh God No's!,https://www.youtube.com/watch?v=A73IslL4erY,96K views,9 years ago
{closed} Quick GIVEAWAY + Life's struggles LOL!,https://www.youtube.com/watch?v=4uu9acjCDMo,31K views,9 years ago
"Amsterdam Haul: MAC, EstÃ©e Lauder & More + NEW HAIR!",https://www.youtube.com/watch?v=_Sg_GZ29xwM,140K views,9 years ago
Easy Half-Moon Manicure - Nail Tutorial,https://www.youtube.com/watch?v=40ScjsIXUW4,48K views,9 years ago
My 2013 Resolutions!,https://www.youtube.com/watch?v=nu4sFH2e-fA,63K views,9 years ago
2012 All-Time Favorites & Highlights,https://www.youtube.com/watch?v=wqQpaw_2jv0,75K views,9 years ago
â™¡ Merry Christmas Everybody! â™¡,https://www.youtube.com/watch?v=0hIaZBeMh8I,26K views,9 years ago
Britney Spears - Scream & Shout Inspired Makeup Tutorial,https://www.youtube.com/watch?v=0AK6t_UGFZA,239K views,9 years ago
How to Dip Dye your Hair using Color Bugs!,https://www.youtube.com/watch?v=KanMbW2ljP4,104K views,9 years ago
Aurora/Sleeping Beauty - If Disney Princesses were Real Collab!,https://www.youtube.com/watch?v=hkaJDhVtAqU,207K views,9 years ago
Quick Tip: How to get Fuller lips!,https://www.youtube.com/watch?v=kjxAoBpHw1M,134K views,9 years ago
Glamorous Coppers & Reds for the Holidays - Makeup Tutorial,https://www.youtube.com/watch?v=ffOYAVEaecc,107K views,9 years ago
"Backstage at the Fashionmilk ""The Class of 2012"" Shoot!",https://www.youtube.com/watch?v=BXAu8CG5orc,51K views,9 years ago
The December TAG!,https://www.youtube.com/watch?v=2Py8SthpoYQ,59K views,9 years ago
November Hits and Oh God No's!,https://www.youtube.com/watch?v=oC__KDpWQ5E,111K views,9 years ago
Taylor Swift AMA 2012 Inspired Makeup Tutorial,https://www.youtube.com/watch?v=t1-EFHT7RCo,220K views,9 years ago
Fall Leaves Inspired Evening Makeup Look,https://www.youtube.com/watch?v=-tO_Dwg_MjM,110K views,9 years ago
In-Depth Updated Eyebrow Routine (November 2012),https://www.youtube.com/watch?v=KGl_Tb0FQZw,116K views,9 years ago
Turquoise with Gold Stone Nails! - Fashionista Tutorial,https://www.youtube.com/watch?v=x8EsszxacSM,59K views,9 years ago
Chanel Haul + Updates + Randomness â™¡,https://www.youtube.com/watch?v=wMz6nQsz-n0,67K views,9 years ago
Halloween: Colorful Skull Makeup Tutorial,https://www.youtube.com/watch?v=35Q6TpAhWXU,126K views,9 years ago
Halloween: Female Joker / The Joker's Girlfriend Inspired Look,https://www.youtube.com/watch?v=PLenP8JoS84,123K views,9 years ago
I â™¡ Fall Tag!,https://www.youtube.com/watch?v=pzZkMpT7lKg,49K views,9 years ago
Halloween: Modern Marie Antoinette Flapper Look,https://www.youtube.com/watch?v=OQ33ncqBdB8,75K views,9 years ago
Easy Bloody Mary - Halloween Makeup Tutorial,https://www.youtube.com/watch?v=hCNBKt25z0E,641K views,9 years ago
My Favorite Brushes!,https://www.youtube.com/watch?v=YczwwalBi88,143K views,9 years ago
Iggy Azalea - My World / Makeup Tutorial,https://www.youtube.com/watch?v=q4gsAzSkp6E,119K views,9 years ago
"Lady Gaga ""FAME"" Commercial Inspired Makeup Tutorial",https://www.youtube.com/watch?v=485qjWVoCYs,291K views,9 years ago
How to Dye Eyelashes with my Mom! - Beautober!,https://www.youtube.com/watch?v=KaeHIX67Tew,148K views,9 years ago
Wearable Fall Makeover with my Bestie! - Beautober!,https://www.youtube.com/watch?v=PWjdYJf9ehU,85K views,9 years ago
Christina Aguilera - Your Body - Makeup Tutorial,https://www.youtube.com/watch?v=snMSIhrmWgw,286K views,9 years ago
Demi Lovato X Factor Inspired Makeup Tutorial - Beautober!,https://www.youtube.com/watch?v=tmUwIjeAh0s,216K views,9 years ago
Ten Products I Would Repurchase Tag! - Beautober!,https://www.youtube.com/watch?v=gUZ3-2QFwgs,73K views,9 years ago
Confessions of a Beauty Guru TAG!,https://www.youtube.com/watch?v=si4CGfc8DZA,58K views,9 years ago
The Avengers: Loki - Inspired Makeup Tutorial,https://www.youtube.com/watch?v=hYGuz-m3IEY,77K views,9 years ago
"Amsterdam Haul: MAC, River Island & More!",https://www.youtube.com/watch?v=F7va1A_iYCs,66K views,9 years ago
Colorful Fall Look - Makeup Tutorial,https://www.youtube.com/watch?v=V3-YNcEee84,100K views,9 years ago
The Avengers: Iron Man - Inspired Makeup Tutorial,https://www.youtube.com/watch?v=S-yiiQAdo_M,82K views,9 years ago
EstÃ©e Lauder 'Vivid Shine' Inspired Makeup Tutorial,https://www.youtube.com/watch?v=eso_UzHydPg,76K views,9 years ago
Demi Lovato Edgy Grunge Look - Makeup Tutorial,https://www.youtube.com/watch?v=N7Dglmnxp-s,409K views,9 years ago
August 2012 Favorites,https://www.youtube.com/watch?v=X75kpTsITfo,97K views,9 years ago
Germany Zoo - Cuteness Overload!,https://www.youtube.com/watch?v=rMmrApHLuA4,33K views,9 years ago
"My YouTube Story + 200,000+ Subscribers! â™¡",https://www.youtube.com/watch?v=4dLoKb3ag9I,112K views,9 years ago
Snow White and the Huntsman: Evil Queen/Charlize Theron - Makeup Tutorial,https://www.youtube.com/watch?v=sl2vJE79zek,121K views,9 years ago
Back to School: Makeup & Outfit Tutorial/Inspiration,https://www.youtube.com/watch?v=VwumPYO8BKM,926K views,9 years ago
Wearable Ombre Lips for Summer! - Tutorial,https://www.youtube.com/watch?v=4AWUlXwnYug,187K views,9 years ago
$20 Makeup Challenge Tutorial - TAG!,https://www.youtube.com/watch?v=B36HgOp3ie8,719K views,9 years ago
Glamorous Summer: Strawberry Sorbet Inspired - Makeup Tutorial,https://www.youtube.com/watch?v=RPwJnYpYzkg,85K views,9 years ago
''Twisted Safari'' - Makeup Tutorial,https://www.youtube.com/watch?v=KOmlNDXMqMM,67K views,9 years ago
True Blood: Pam Inspired Makeup Tutorial,https://www.youtube.com/watch?v=sqt-1gzc8M8,86K views,9 years ago
Sigma Beauty Expert Brow Design Kit - In depth Review -,https://www.youtube.com/watch?v=8Nb1LfLsvIo,51K views,9 years ago
Modern Pin Up with a Twist! Makeup Tutorial,https://www.youtube.com/watch?v=Nu5z2b0Vwi4,343K views,9 years ago
hannah X-perience Treatment - Review,https://www.youtube.com/watch?v=wOpoFJ4PPvI,100K views,9 years ago
"Tenerife Haul, Updates and some Chit Chat.",https://www.youtube.com/watch?v=Htb-v6W5hC4,61K views,9 years ago
The Hunger Games: ''Crazy Capitol People'' Inspired Makeup Tutorial,https://www.youtube.com/watch?v=TO1Jj7kSn2A,129K views,9 years ago
Simple Summer Eyes Makeup Tutorial,https://www.youtube.com/watch?v=W1_u5eU-g1A,136K views,9 years ago
Bright Summer Party Makeup Tutorial,https://www.youtube.com/watch?v=INySU8xFxBs,91K views,9 years ago
Updated Foundation Routine 2012,https://www.youtube.com/watch?v=hqKIgZ-Uuw0,309K views,9 years ago
"Early June Haul: MAC, Inglot, H&M and More!",https://www.youtube.com/watch?v=ogh1rItzvVg,74K views,9 years ago
Sleek Ultra Matte V2 ''Dark'' Palette - Makeup Tutorial,https://www.youtube.com/watch?v=kMA179nB-Jk,80K views,9 years ago
Neon Rainbow/Ombre Nails for Summer - Nail Tutorial,https://www.youtube.com/watch?v=PXq2e-ULLDw,886K views,9 years ago
Clothing Haul: Forever 21 & ASOS,https://www.youtube.com/watch?v=qYYHVKI1qUI,147K views,9 years ago
"Picture Perfect for Prom: Natural, Glitter & Bright Lips - Makeup Tutorial",https://www.youtube.com/watch?v=l2g5fOeZ9_U,159K views,9 years ago
Early May Favorites - 2012,https://www.youtube.com/watch?v=HYJZUrrff1M,94K views,9 years ago
The Hunger Games: ''The Girl on Fire'' Inspired Makeup Tutorial,https://www.youtube.com/watch?v=UR0Fmz2y7Ms,165K views,9 years ago
Backstage at Fashionmilk Photoshoot!,https://www.youtube.com/watch?v=5q1bXwCQXeE,60K views,9 years ago
Picture Perfect for Prom: Glitter Smokey Eye - Makeup Tutorial,https://www.youtube.com/watch?v=tGe8d4idMiA,111K views,9 years ago
Rihanna - Where Have You Been - Makeup Tutorial,https://www.youtube.com/watch?v=pvNYfEvJzuQ,690K views,9 years ago
''Neon Nights'' - Makeup Tutorial,https://www.youtube.com/watch?v=-O4mYepFJuM,88K views,9 years ago
Queen's Day 2012 Makeup Tutorial,https://www.youtube.com/watch?v=b_3nvjCZknE,99K views,9 years ago
NYC/IMATS Haul 2012,https://www.youtube.com/watch?v=rlU_G1V5EGM,75K views,9 years ago
Vlog: New York 2012 Trip,https://www.youtube.com/watch?v=g5aE1TZKMOE,55K views,9 years ago
"ChitChat: IMATS NY, MacBook Pro and Requests",https://www.youtube.com/watch?v=JPegmLCX4cM,58K views,9 years ago
Kelly Osbourne Inspired Makeup Tutorial,https://www.youtube.com/watch?v=IlPIOVBhUpU,112K views,9 years ago
A crash course to shine,https://www.youtube.com/watch?v=wMFqSjjnte0,1.7M views,9 years ago
Spring Rainbow Makeup Tutorial,https://www.youtube.com/watch?v=Zdm3ryUZQfw,121K views,9 years ago
Grey's Anatomy: Arizona Robbins Inspired Makeup Tutorial - Collab with JeanFrancoisCD,https://www.youtube.com/watch?v=UrYyBe1Z3bM,99K views,9 years ago
NEW Tattoo + March Favorites,https://www.youtube.com/watch?v=_Z4rTYQrgO4,107K views,9 years ago
Marina and the Diamonds - Primadonna - Inspired Makeup Tutorial,https://www.youtube.com/watch?v=pWJxP2ymm-Y,349K views,10 years ago
St. Patrick's Day Inspired Makeup Tutorial,https://www.youtube.com/watch?v=ujuaq_QhMFM,85K views,10 years ago
Casual Hollywood Wave Hair Tutorial,https://www.youtube.com/watch?v=kXyQB_vm5yM,107K views,10 years ago
''Ode to Ke$ha'' Makeup Tutorial - Ke$ha Inspired,https://www.youtube.com/watch?v=EUby8gdjbGo,97K views,10 years ago
Quick Tip: How to make your own Colored Mascara!,https://www.youtube.com/watch?v=eHEFpFCpA-M,1M views,10 years ago
Extreme Purples for Spring Makeup Tutorial,https://www.youtube.com/watch?v=KPF3Y56C6-U,130K views,10 years ago
Colorful Avant Garde Spring Makeup Tutorial,https://www.youtube.com/watch?v=DSEoWG3pJQ0,83K views,10 years ago
Rihanna Grammys 2012 Performance Makeup Tutorial,https://www.youtube.com/watch?v=sNCSdiS2eHo,172K views,10 years ago
Lana Del Rey Inspired Makeup Tutorial,https://www.youtube.com/watch?v=JqPuQ6cJoNA,479K views,10 years ago
January 2012 Makeup & Beauty Haul,https://www.youtube.com/watch?v=wSVfOcjlgtU,141K views,10 years ago
Runway Trend: House of Holland S/S 2012 Makeup Tutorial,https://www.youtube.com/watch?v=zfDg4qMFBfs,75K views,10 years ago
Valentinesday - Seductive and Smokey - Collab with KlairedelysArt,https://www.youtube.com/watch?v=_xrDh4qRszw,172K views,10 years ago
Natalia Kills - Kill My Boyfriend - Makeup Tutorial,https://www.youtube.com/watch?v=UoYyY4uhkTk,124K views,10 years ago
OPI ''Nicki Minaj'' Nail Polish Collection - Review & Swatches,https://www.youtube.com/watch?v=zVjeERBEqzI,178K views,10 years ago
Colored Goth Makeup Look,https://www.youtube.com/watch?v=r-RCZ-4leMw,152K views,10 years ago
2011 All-Time Favorites and Highlights,https://www.youtube.com/watch?v=5UNn00gTUIk,111K views,10 years ago
NYE ''Glitter & Diamonds'' Party Look - Makeup Tutorial,https://www.youtube.com/watch?v=ap9TzxZ3QoA,274K views,10 years ago
Christmas 2011 Gifts - Haul,https://www.youtube.com/watch?v=lUI9njI-__s,56K views,10 years ago
Sarah Jessica Parker ''NYE'' - Inspired Purple Smokey Eye,https://www.youtube.com/watch?v=qWu8puIQQIg,121K views,10 years ago
Top Holiday Nail Polishes 2011,https://www.youtube.com/watch?v=aj_z_Ahl4os,36K views,10 years ago
Eyebrow Routine - Updated Tutorial!,https://www.youtube.com/watch?v=4jMjLwTFb40,463K views,10 years ago
Favorites: November 2011,https://www.youtube.com/watch?v=i0WKE4LDwlg,79K views,10 years ago
Rebekah - The Vampire Diaries Makeup Series - Fashionista Tutorial,https://www.youtube.com/watch?v=DuDvN-nr-1k,98K views,10 years ago
HUGE ANNOUNCEMENT!,https://www.youtube.com/watch?v=-Rk3mLZHdiQ,149K views,10 years ago
Scarlett Johansson D&G - The One ''Lace'' - Makeup Tutorial,https://www.youtube.com/watch?v=_z-J_6PZ48Q,196K views,10 years ago
BeyoncÃ© - Party ft. J. Cole - Makeup Tutorial,https://www.youtube.com/watch?v=9vkXcrRQh40,122K views,10 years ago
Halloween Tutorial: Dior Runway Galaxy Inspired Look,https://www.youtube.com/watch?v=abRhxECgfVA,128K views,10 years ago
Jessie J - Who You Are (Live in London) Makeup Tutorial,https://www.youtube.com/watch?v=OTtejuiFpK0,144K views,10 years ago
Halloween Tutorial: Simple Doll Look / Jeremy Scott S/S 2012 Inspired,https://www.youtube.com/watch?v=CCwo6TJxGIc,108K views,10 years ago
Halloween Tutorial: Zombie Showgirl - Collab with KlairedelysArt,https://www.youtube.com/watch?v=0zpH4SOh3TM,220K views,10 years ago
I GOT A TATTOO! - My Experiences,https://www.youtube.com/watch?v=7jPfOEz5QDQ,122K views,10 years ago
Halloween Tutorial: Cleopatra Inspired,https://www.youtube.com/watch?v=EXaEq65WaOc,87K views,10 years ago
Kat von D Inspired Makeup Tutorial,https://www.youtube.com/watch?v=XR4jfZCEMS0,143K views,10 years ago
Demi Lovato 2011 MTV VMA's Makeup Tutorial,https://www.youtube.com/watch?v=6Yvry29ooBM,202K views,10 years ago
Haul and Favorites of August 2011,https://www.youtube.com/watch?v=STGBlSvt7nQ,57K views,10 years ago
Get Yo' Freak On! - 15 Weird Questions Tag,https://www.youtube.com/watch?v=WgyKH0sy21c,361K views,10 years ago
Simple & Clean Back To School Look,https://www.youtube.com/watch?v=KJ9rc8AJyis,197K views,10 years ago
Everything on Facecharts!,https://www.youtube.com/watch?v=APUWNCZ0DV8,138K views,10 years ago
Nicki Minaj - Super Bass Makeup Tutorial,https://www.youtube.com/watch?v=JZmY4GKveeg,1.3M views,10 years ago
British Vogue Kate Moss Cover Inspired Makeup Tutorial,https://www.youtube.com/watch?v=5gjwoFl2-n8,81K views,10 years ago
Kim Kardashian Goth Inspired Makeup Tutorial,https://www.youtube.com/watch?v=FgzrabBVUaw,168K views,10 years ago
SATC Carrie Bradshaw Signature Hair Up-Do Tutorial,https://www.youtube.com/watch?v=cVQ9QDVh9Pk,96K views,10 years ago
BeyoncÃ© - Best Thing I Never Had - Makeup Tutorial,https://www.youtube.com/watch?v=H6twct8R5LY,428K views,10 years ago
Beyonce Dazed Magazine Cover Makeup Tutorial,https://www.youtube.com/watch?v=-CXvJRy5kTs,91K views,10 years ago
Jessie J Inspired Makeup Tutorial,https://www.youtube.com/watch?v=5nMJhjI902c,614K views,10 years ago
WINNERS: Get Clean Contest & Illamasqua Giveaway,https://www.youtube.com/watch?v=22lM_pQSCTw,64K views,10 years ago
Runway Trend: Jeremy Scott Fall 2011 Makeup Tutorial,https://www.youtube.com/watch?v=c_quZVT1IkI,182K views,10 years ago
What I Love About You TAG!,https://www.youtube.com/watch?v=WjokkLWMSnM,64K views,10 years ago
Katy Perry - Last Friday Night (T.G.I.F.) Makeup Tutorial,https://www.youtube.com/watch?v=wzxN7ft701k,3M views,10 years ago
Natural Red Carpet Glamour Makeup Tutorial,https://www.youtube.com/watch?v=ltizwYlyIfw,143K views,10 years ago
Giveaway Illamasqua Eyepencils + Swatches (CLOSED),https://www.youtube.com/watch?v=3k4JhlNVz6s,36K views,10 years ago
Soft Beachy & Red Lip Tutorial,https://www.youtube.com/watch?v=gJbvYN5ZVoQ,151K views,10 years ago
Recent Haul Favorites,https://www.youtube.com/watch?v=3cz_f5ZA0ss,48K views,10 years ago
How to get Perfect Glowy Skin (My Foundation Routine),https://www.youtube.com/watch?v=7u7XZlEZ7rc,1.7M views,10 years ago
BeyoncÃ© - Run The World (Girls) Makeup Tutorial,https://www.youtube.com/watch?v=47BxPTphokI,292K views,10 years ago
My Jewelry Collection Favorites,https://www.youtube.com/watch?v=ZZeS_7W4lWU,49K views,10 years ago
Disco Lights (Extreme Clubbing) Makeup Tutorial,https://www.youtube.com/watch?v=b7Ckow1f7-4,162K views,10 years ago
Lady Gaga - Judas Music Video Makeup Tutorial,https://www.youtube.com/watch?v=YddCi-i-tLk,233K views,10 years ago
Adele Inspired Makeup Tutorial,https://www.youtube.com/watch?v=-wPMFskbx3A,412K views,10 years ago
Queen's Day Makeup Tutorial (Trend: Orange Lips),https://www.youtube.com/watch?v=EzBIbjlL9l8,93K views,10 years ago
Fashion Week Inspired: Sultry Orange/Copper Smokey Eye,https://www.youtube.com/watch?v=KrZFvQwxGDk,104K views,10 years ago
GET CLEAN! Demake-up Review / Mini Contest (closed),https://www.youtube.com/watch?v=Ixm5rTa2c0Y,63K views,10 years ago
Quick New York & IMATS 2011 Haul,https://www.youtube.com/watch?v=_N3rhp8f_zk,45K views,10 years ago
I'M AT IMATS NEW YORK!!,https://www.youtube.com/watch?v=P48f5Oj61RY,95K views,10 years ago
Katy Perry - E.T Music Video Makeup Tutorial,https://www.youtube.com/watch?v=-ch-9umGXCs,476K views,10 years ago
Lady Gaga - Born This Way Music Video / G.O.A.T Inspired Makeup Tutorial,https://www.youtube.com/watch?v=2cjx-chVre4,531K views,10 years ago
Simple and Shiny Spring Makeup Tutorial,https://www.youtube.com/watch?v=yVKEiFl1qiU,255K views,11 years ago
M.A.C Viva Glam Gaga Inspired Makeup Tutorial - How to make eyes look bigger,https://www.youtube.com/watch?v=_ScOp-sWWHA,231K views,11 years ago
Bleached Brows without Bleach!,https://www.youtube.com/watch?v=kyNTAZbRd1M,139K views,11 years ago
Illamasqua Toxic Nature - Review & Swatches,https://www.youtube.com/watch?v=u6VlDTXIL5U,53K views,11 years ago
Ke$ha 'Blow' Music Video - Makeup Tutorial,https://www.youtube.com/watch?v=GY1jY1jZv1A,222K views,11 years ago
Quick NYX Makeup Tip .. HUGE FAIL!,https://www.youtube.com/watch?v=bIojEv4irMI,78K views,11 years ago
The Bright Smokey Side of Life / Makeup Tutorial,https://www.youtube.com/watch?v=CQFF-r7tYfg,53K views,11 years ago
Dead Vampire Makeup - The Vampire Diaries Makeup Series,https://www.youtube.com/watch?v=IT0nLMKsq44,237K views,11 years ago
"BIG Collective Haul: MAC Peacocky, AllCosmeticsWholesale & Cherryculture",https://www.youtube.com/watch?v=uDT4q86-caY,67K views,11 years ago
How to get 'It Girls' Inspired Makeup,https://www.youtube.com/watch?v=iTezXT2aOyc,140K views,11 years ago
"How to get Gwen Stefani's Soft Curly, Big Hair",https://www.youtube.com/watch?v=Zqq32hrfr_c,118K views,11 years ago
Rock Chick Inspired Makeup Tutorial,https://www.youtube.com/watch?v=4VF30BXjUA0,279K views,11 years ago
My New Teeth! - What happened?,https://www.youtube.com/watch?v=UP97zeq5r90,1.5M views,11 years ago
Rhinestone Eye Mask - Lady Gaga Grammy's Performance Inspired Tutorial,https://www.youtube.com/watch?v=ez0RkAi5Ff4,168K views,11 years ago
TVD Katherine's Masquerade Party Look - The Vampire Diaries Makeup Series,https://www.youtube.com/watch?v=ovd_WiOG3nM,299K views,11 years ago
Nikkie's 2010 Favorites (Real Life and Beauty),https://www.youtube.com/watch?v=3drskhQcFqY,86K views,11 years ago
Christmas Makeup: Double Eyeliner and Dark Glossy Red Lips,https://www.youtube.com/watch?v=q91ObMQFqiE,442K views,11 years ago
Ke$ha 'We R Who We R' / Cannibal Inspired Makeup Tutorial,https://www.youtube.com/watch?v=nd8_M8W8n-Y,211K views,11 years ago
My Perfect Imperfections Tag!,https://www.youtube.com/watch?v=LdiPzKxBPHU,231K views,11 years ago
Christmas Makeup: Naughty Red Smokey Eyes / Collab with Jeanfrancoiscd,https://www.youtube.com/watch?v=52zcJTxdgT8,133K views,11 years ago
Skincare Routine,https://www.youtube.com/watch?v=vJXsgAeLgDA,249K views,11 years ago
The Shortness Shizzle Wizzle: Bronze Smokey Eyes,https://www.youtube.com/watch?v=_QuSvOrecDE,96K views,11 years ago
Good ol' HAUL TIME!,https://www.youtube.com/watch?v=Bvt3Zl9aLaU,47K views,11 years ago
Natasha Bedingfield - 'Strip Me' Makeup Tutorial,https://www.youtube.com/watch?v=oT9ZNx-0RjI,193K views,11 years ago
Halloween Tutorial: Pirates got attacked by Mermaids!,https://www.youtube.com/watch?v=hiC-hDM-3K4,78K views,11 years ago
Halloween Tutorial: Greek Goddess Inspired Makeup,https://www.youtube.com/watch?v=4mS5k0_5_AM,263K views,11 years ago
Halloween Tutorial: Moulin Rouge Inspired Makeup,https://www.youtube.com/watch?v=EYVtX7QogzU,238K views,11 years ago
Favorite Products of the Moment & Zumba Vlog!,https://www.youtube.com/watch?v=LJdX5xZsHCg,45K views,11 years ago
Halloween Tutorial: Maleficent / Disney Evil Characters Inspired.,https://www.youtube.com/watch?v=HE4FpmuGy4k,123K views,11 years ago
TVD Caroline's Evil Side - The Vampire Diaries Makeup Series.,https://www.youtube.com/watch?v=yO7L6K5qgBM,133K views,11 years ago
Kesha 'Take it Off' Makeup Tutorial.,https://www.youtube.com/watch?v=kVknx5ixWzc,399K views,11 years ago
Slytherin - Harry Potter Houses / Inspired Makeup Tutorial with VintageorTacky,https://www.youtube.com/watch?v=EtX04k0a4n8,136K views,11 years ago
Bronze Smokey Eyes with a Twist!,https://www.youtube.com/watch?v=7DH3Drv74fc,126K views,11 years ago
Love The Way You Lie - Megan Fox & Rihanna / Inspired Makeup Tutorial,https://www.youtube.com/watch?v=NGJH39ANULY,200K views,11 years ago
Katy Perry 'California Girls' - Makeup Tutorial,https://www.youtube.com/watch?v=EC0ruSatl48,1M views,11 years ago
Christina Aguilera - You Lost Me / Makeup Tutorial.,https://www.youtube.com/watch?v=wICFEHtzHY4,280K views,11 years ago
Kris Fowles 'a Nightmare on Elm Street' Inspired / Clubbing Look.,https://www.youtube.com/watch?v=Mmf8qvgruys,84K views,11 years ago
TVD Vampire Makeup - The Vampire Diaries Makeup Series.,https://www.youtube.com/watch?v=WShwZIagwYg,242K views,11 years ago
Rainbow Remix - Smokey Rainbow Makeup Tutorial.,https://www.youtube.com/watch?v=w7ENIKpr36k,425K views,11 years ago
Katherine Pierce - The Vampire Diaries Makeup Series.,https://www.youtube.com/watch?v=IqpuIEjf8NU,337K views,11 years ago
Clothing & Mini M.A.C Haul,https://www.youtube.com/watch?v=Em961bwG4zM,153K views,11 years ago
2 Years Anniversary on YT / My Youtube Story.,https://www.youtube.com/watch?v=QbEoxq49G_c,148K views,11 years ago
Lady Gaga - Alejandro / Makeup Tutorial.,https://www.youtube.com/watch?v=I8dqEv1KyR0,436K views,11 years ago
Hufflepuff - Harry Potter Houses / Inspired Makeup Tutorial.,https://www.youtube.com/watch?v=7gchW02gMT0,130K views,11 years ago
Leona Lewis - I See You / Makeup Tutorial.,https://www.youtube.com/watch?v=tWrmbz3VM10,343K views,11 years ago
Miley Cyrus - Can't Be Tamed / Makeup Tutorial.,https://www.youtube.com/watch?v=TFlzeO267qY,1M views,11 years ago
Lady Gaga - The Monster Ball Tour / Inspired Makeup Tutorial,https://www.youtube.com/watch?v=nzGdj_VdARk,126K views,11 years ago
BeyoncÃ© - Why Don't you Love me / Makeup Tutorial.,https://www.youtube.com/watch?v=WSISYWbzK3A,941K views,11 years ago
M.A.C Counter Eindhoven Opening - Haul,https://www.youtube.com/watch?v=66Atc31EPwk,85K views,11 years ago
Kim Kardashian Inspired Party Makeup - NikkieTutorials,https://www.youtube.com/watch?v=-gGlq4xIQa4,345K views,11 years ago
Fierce Natural Clubbing Eyes - Makeup Tutorial - Nikkietutorials,https://www.youtube.com/watch?v=hdZf6SuEQcU,147K views,11 years ago
Ciara 'Love Sex Magic' Makeup Tutorial - Nikkietutorials,https://www.youtube.com/watch?v=v71wUEURBbE,187K views,11 years ago
Lady Gaga 'Telephone' - CSI Scene Inspired makeup tutorial | NikkieTutorials,https://www.youtube.com/watch?v=dWbV4vlkj68,170K views,12 years ago
NikkieTutorials | Favourite Products of the Moment.,https://www.youtube.com/watch?v=qT1c1yqIjNw,114K views,12 years ago
Lady Gaga Love Game Inspired Mask | NikkieTutorials,https://www.youtube.com/watch?v=5koV8p0AxT4,82K views,12 years ago
"NikkieTutorials | Sexy, yet fun Neutral Eyes with Pop of Blue!",https://www.youtube.com/watch?v=visrZcvxsvI,300K views,12 years ago
NikkieTutorials | Lady Gaga | Inspired Makeup Tutorial  - M.A.C Viva Glam Photoshoot.,https://www.youtube.com/watch?v=HIY-AhM-Df8,99K views,12 years ago
NikkieTutorials | Lady Gaga | Inspired Makeup Tutorial  - Bad Romance,https://www.youtube.com/watch?v=WoeVPqHiANQ,184K views,12 years ago
Ameerah 'Sound of Missing you' / The Eight Wonders Of The World: Great Wall of China Inspired.,https://www.youtube.com/watch?v=igHSvVDBmhg,44K views,12 years ago
NikkieTutorials | The Eight Wonders Of The World: Colosseum,https://www.youtube.com/watch?v=J461fiF1Zjw,47K views,12 years ago
NikkieTutorials | The Eight Wonders Of The World: Petra,https://www.youtube.com/watch?v=emV-2VgEeDU,46K views,12 years ago
X-MAS LOOK + CLOTHES!,https://www.youtube.com/watch?v=pl7fQsv_GKQ,98K views,12 years ago
Christmas Makeup Series | Glowing Bright Purple Smokey Eyes.,https://www.youtube.com/watch?v=wahcGcV35Vc,60K views,12 years ago
WORST LIPGLOSS EVER.,https://www.youtube.com/watch?v=RtbaR-Ysp1Q,115K views,12 years ago
Makeup Tutorial; Heavenly Naturals Series â—‹ QueenBmakeup Inspired,https://www.youtube.com/watch?v=GigAYv2Kfjc,58K views,12 years ago
THIEFS! ..and other stuff?,https://www.youtube.com/watch?v=XiM7HH1RP7M,49K views,12 years ago
Halloween Tutorial #5 - Zombie/Dead Girl Look.,https://www.youtube.com/watch?v=SAoqKenG1Jc,434K views,12 years ago
Halloween Tutorial #4 - Psycho Barbie Doll â—‹ Freddy!,https://www.youtube.com/watch?v=H7Jlc9bJMJg,380K views,12 years ago
Halloween Tutorial #3 - Queen of Lightning & Thunder / Harry Potter SERIES.,https://www.youtube.com/watch?v=PDBqtkm-YRM,173K views,12 years ago
Halloween Tutorial #2 - Underground Treasurechest Chick.,https://www.youtube.com/watch?v=cgedyp5k8dc,82K views,12 years ago
Makeup Tutorial; Aubrey O'Day Inspired Makeup,https://www.youtube.com/watch?v=9c3Q8eqGjYY,138K views,12 years ago
Makeup Tutorial; Purple & Copper fall Look.,https://www.youtube.com/watch?v=8_of3taBDII,121K views,12 years ago
Halloween Tutorial #1 - Heatherette 24 Hour Party People Inspired.,https://www.youtube.com/watch?v=O8JVN0qx2UU,735K views,12 years ago
NikkieTutorials| Fierce Gold & Brown Clubbing Look.,https://www.youtube.com/watch?v=Pm-E_uSwyXA,81K views,12 years ago
"NikkieTutorials | Back to School with natural yet, sophisticated eyes!",https://www.youtube.com/watch?v=DZ4RU-alfoQ,3.1M views,12 years ago
Tacky Cleopatra?! ..craaazy talk! (Contest entrie for vintageortacky),https://www.youtube.com/watch?v=NCQYckSxlhE,84K views,12 years ago
â€¢ CLOSED â€¢ Masquarade Ball CONTEST! - Calypso Mineral Beauty & Sigma Makeup Brushes.,https://www.youtube.com/watch?v=QJIyDLS7j9U,78K views,12 years ago
PIXAR â€¢ Cars: Ramone Inspired (tutorial!).,https://www.youtube.com/watch?v=Y86FKgH036g,30K views,12 years ago
Shopping in Eindhoven(dutch city) Haul!,https://www.youtube.com/watch?v=wRZoAE_hDfw,77K views,12 years ago
NikkieTutorials | SIGMA Makeup Brushes â€¢ Travel Kit REVIEW.,https://www.youtube.com/watch?v=NEcL0sZsX10,97K views,12 years ago
NikkieTutorials | â€¢ The Potential break up Mask â€¢ Risa Candy Inspired Contest ENTRY.,https://www.youtube.com/watch?v=jCFUCVc0M3M,130K views,12 years ago
Sigma JULY Makeup Contest ENTRY! (tutorial).,https://www.youtube.com/watch?v=MoviJCJjOSc,57K views,12 years ago
Random Facts TAG!,https://www.youtube.com/watch?v=1Pt551qv0pw,203K views,12 years ago
Nail Tutorial â€¢ Retro Grey & White Nails using Konad.,https://www.youtube.com/watch?v=yl_obHMrjQQ,79K views,12 years ago
NikkieTutorials | â€¢ Glamourus Green&Gold look using Glamourdoll Eyes.,https://www.youtube.com/watch?v=9GR_VkYBV04,53K views,12 years ago
NikkieTutorials | Arabicâ€¢ish beige & brown cut-crease Look.,https://www.youtube.com/watch?v=5jZ3g-cLdIM,60K views,12 years ago
NikkieTutorials | Glittery Party Look.,https://www.youtube.com/watch?v=dF1NH8gm5DE,121K views,12 years ago
Quick Tip on â€¢ Nailpolish â€¢,https://www.youtube.com/watch?v=11mvMIMMbek,70K views,12 years ago
NikkieTutorials | Bright blue & Brown Cut-crease Look.,https://www.youtube.com/watch?v=2svllViolM4,131K views,12 years ago
NikkieTutorials | Teal Smoked out eyes.,https://www.youtube.com/watch?v=1NoMTrdg_90,121K views,12 years ago
"1,000 SUBSCRIBERS!!",https://www.youtube.com/watch?v=1jMoWWDSzTE,205K views,13 years ago
NikkieTutorials | Runway Inspired Dramatic Look.,https://www.youtube.com/watch?v=m736KX0p56c,113K views,13 years ago
NikkieTutorials | SCANDALOUS Turqouise Kiwi Look,https://www.youtube.com/watch?v=qfPfExHUp4A,85K views,13 years ago
Makeup Tutorial; Dramatic black & white Look.,https://www.youtube.com/watch?v=Dc_GATsPK6A,265K views,13 years ago
NikkieTutorials |; Arabic Golden Yellow Look.,https://www.youtube.com/watch?v=FqsIKC_BADQ,298K views,13 years ago
Makeup Tutorial; Neutral Green Gold Look.,https://www.youtube.com/watch?v=1WP1vrrY4-M,384K views,13 years ago
Makeup Tutorial: Neutral Look,https://www.youtube.com/watch?v=MqxKX-NlCaU,1.3M views,13 years ago
Makeup Tutorial; My first official Look for YT.,https://www.youtube.com/watch?v=b6ogMySncbY,4.3M views,13 years ago
